Company,Services company,Product based,Fintech,Big Bank,Foreign companies,Edtech,A.I.,Marketplace
https://www.linkedin.com/company/zomato/,FALSE,TRUE,FALSE,FALSE,FALSE,FALSE,FALSE,TRUE
http://linkedin.com/company/101reporters,TRUE,FALSE,FALSE,FALSE,FALSE,FALSE,FALSE,TRUE
http://www.linkedin.com/company/1digitalstack,TRUE,TRUE,FALSE,FALSE,TRUE,FALSE,FALSE,FALSE
https://www.linkedin.com/company/1knetworks/,FALSE,FALSE,FALSE,FALSE,FALSE,FALSE,FALSE,TRUE
https://linkedin.com/company/21north/about,TRUE,FALSE,FALSE,FALSE,TRUE,FALSE,FALSE,FALSE
http://linkedin.com/company/ad2pro-media-solutions-private-limited,TRUE,FALSE,FALSE,FALSE,FALSE,FALSE,FALSE,FALSE
https://linkedin.com/company/3dexter,TRUE,TRUE,FALSE,FALSE,FALSE,FALSE,FALSE,FALSE
https://in.linkedin.com/company/4finindia,FALSE,FALSE,TRUE,FALSE,FALSE,FALSE,FALSE,FALSE
https://linkedin.com/company/56secure,TRUE,FALSE,FALSE,FALSE,FALSE,FALSE,FALSE,FALSE
https://linkedin.com/company/91mobiles/about,TRUE,FALSE,FALSE,FALSE,FALSE,FALSE,FALSE,FALSE
http://linkedin.com/company/99tests,TRUE,FALSE,FALSE,FALSE,FALSE,FALSE,FALSE,FALSE
http://linkedin.com/company/aapkapainter,TRUE,FALSE,FALSE,FALSE,FALSE,FALSE,FALSE,FALSE
http://linkedin.com/company/abiba-systems-pvt-ltd.-bangalore,FALSE,TRUE,FALSE,FALSE,FALSE,FALSE,FALSE,FALSE
https://linkedin.com/company/acadza-technologies-pvt-ltd,TRUE,FALSE,FALSE,FALSE,FALSE,TRUE,FALSE,FALSE
https://linkedin.com/company/achievers/about,TRUE,TRUE,FALSE,FALSE,TRUE,FALSE,FALSE,FALSE
https://in.linkedin.com/company/metadome,TRUE,FALSE,FALSE,FALSE,TRUE,FALSE,FALSE,FALSE
http://www.linkedin.com/company/adori-labs-inc-,FALSE,TRUE,FALSE,FALSE,TRUE,FALSE,FALSE,FALSE
http://www.linkedin.com/company/adpushup,TRUE,FALSE,FALSE,FALSE,TRUE,FALSE,FALSE,FALSE
http://linkedin.com/company/adya.io,TRUE,FALSE,FALSE,FALSE,FALSE,FALSE,FALSE,FALSE
http://linkedin.com/company/aeon-learning,TRUE,FALSE,FALSE,FALSE,FALSE,FALSE,FALSE,FALSE
https://linkedin.com/company/aerchain-io/about,FALSE,TRUE,FALSE,FALSE,FALSE,FALSE,FALSE,FALSE
http://linkedin.com/company/aeron-systems-pvt.-ltd.,FALSE,TRUE,FALSE,FALSE,FALSE,FALSE,FALSE,FALSE
http://www.linkedin.com/company/aerologix,TRUE,FALSE,FALSE,FALSE,TRUE,FALSE,FALSE,FALSE
http://linkedin.com/company/aertrip,TRUE,FALSE,FALSE,FALSE,FALSE,FALSE,FALSE,FALSE
http://linkedin.com/company/aerxlabs,FALSE,TRUE,FALSE,FALSE,FALSE,FALSE,FALSE,FALSE
https://linkedin.com/company/aevainc/about,TRUE,FALSE,FALSE,FALSE,TRUE,FALSE,FALSE,FALSE
http://www.linkedin.com/company/affluence-infosystems,TRUE,TRUE,FALSE,FALSE,FALSE,FALSE,FALSE,FALSE
http://www.linkedin.com/company/affinsys-ai,FALSE,TRUE,TRUE,FALSE,TRUE,FALSE,FALSE,FALSE
http://www.linkedin.com/company/agatsa,FALSE,TRUE,FALSE,FALSE,FALSE,FALSE,FALSE,FALSE
https://linkedin.com/company/agnextworld,FALSE,TRUE,FALSE,FALSE,FALSE,FALSE,FALSE,FALSE
https://linkedin.com/company/agrixagrotech/about,TRUE,FALSE,FALSE,FALSE,FALSE,FALSE,FALSE,FALSE
https://in.linkedin.com/company/e-feed,TRUE,TRUE,FALSE,FALSE,TRUE,FALSE,FALSE,FALSE
http://www.linkedin.com/company/ains-peopletech,TRUE,FALSE,FALSE,FALSE,FALSE,FALSE,FALSE,FALSE
http://linkedin.com/company/advance-india-projects-limited,TRUE,FALSE,FALSE,FALSE,FALSE,FALSE,FALSE,FALSE
http://www.linkedin.com/company/airpay-india,TRUE,FALSE,FALSE,FALSE,FALSE,FALSE,FALSE,FALSE
https://in.linkedin.com/company/airprobe,TRUE,FALSE,FALSE,FALSE,FALSE,FALSE,FALSE,FALSE
https://linkedin.com/company/akudoindia/about,FALSE,TRUE,TRUE,FALSE,FALSE,FALSE,FALSE,FALSE
http://linkedin.com/company/algonation,TRUE,FALSE,FALSE,FALSE,TRUE,FALSE,FALSE,FALSE
http://linkedin.com/company/algoshack/,FALSE,TRUE,FALSE,FALSE,FALSE,FALSE,FALSE,FALSE
https://linkedin.com/company/alippo,TRUE,FALSE,FALSE,FALSE,FALSE,FALSE,FALSE,FALSE
http://linkedin.com/company/almamapper-technologies-pvt--ltd-,TRUE,FALSE,FALSE,FALSE,FALSE,FALSE,FALSE,FALSE
http://linkedin.com/company/almug-technologies-pvt-ltd,TRUE,FALSE,FALSE,FALSE,FALSE,FALSE,FALSE,FALSE
http://www.linkedin.com/company/alrt-ai,FALSE,FALSE,FALSE,FALSE,TRUE,FALSE,FALSE,FALSE
https://linkedin.com/company/altortech,FALSE,FALSE,FALSE,FALSE,FALSE,FALSE,FALSE,FALSE
http://linkedin.com/company/altruist-technologies-pvt.-ltd.,TRUE,FALSE,FALSE,FALSE,FALSE,FALSE,FALSE,FALSE
https://linkedin.com/company/altworld/about,FALSE,TRUE,FALSE,FALSE,FALSE,FALSE,FALSE,FALSE
https://linkedin.com/company/ambee-1st-consult-technologies-pvt-ltd-,TRUE,FALSE,FALSE,FALSE,FALSE,FALSE,FALSE,FALSE
http://www.linkedin.com/company/ambient-ai,FALSE,TRUE,FALSE,FALSE,TRUE,FALSE,FALSE,FALSE
http://linkedin.com/company/analyttica-datalab-pvt-ltd-,FALSE,TRUE,FALSE,FALSE,FALSE,TRUE,FALSE,FALSE
https://linkedin.com/company/anarock-property-consultants/about,TRUE,FALSE,FALSE,FALSE,FALSE,FALSE,FALSE,FALSE
https://in.linkedin.com/company/anastrat,FALSE,TRUE,FALSE,FALSE,FALSE,FALSE,FALSE,FALSE
https://linkedin.com/company/andor-communications,FALSE,TRUE,FALSE,FALSE,FALSE,FALSE,FALSE,FALSE
http://linkedin.com/company/ansr-,FALSE,TRUE,FALSE,FALSE,TRUE,FALSE,FALSE,FALSE
http://www.linkedin.com/company/ansrsource,TRUE,FALSE,FALSE,FALSE,TRUE,FALSE,FALSE,FALSE
https://www.linkedin.com/company/anthem,TRUE,FALSE,FALSE,FALSE,TRUE,FALSE,FALSE,FALSE
http://linkedin.com/company/anvizent,FALSE,TRUE,FALSE,FALSE,TRUE,FALSE,FALSE,FALSE
http://linkedin.com/company/appnit-technologies,TRUE,TRUE,FALSE,FALSE,FALSE,FALSE,FALSE,FALSE
https://linkedin.com/company/appsmith/about,FALSE,TRUE,FALSE,FALSE,FALSE,FALSE,FALSE,FALSE
http://linkedin.com/company/aptcoder/,FALSE,TRUE,FALSE,FALSE,FALSE,FALSE,FALSE,FALSE
https://linkedin.com/company/arcturus-business-solutions,TRUE,FALSE,FALSE,FALSE,FALSE,FALSE,FALSE,FALSE
http://linkedin.com/company/areysun-online-private-limited,TRUE,FALSE,FALSE,FALSE,FALSE,FALSE,FALSE,FALSE
https://linkedin.com/company/armorbloxinc,FALSE,TRUE,FALSE,FALSE,TRUE,FALSE,FALSE,FALSE
https://www.linkedin.com/company/artem-energy-future,TRUE,FALSE,FALSE,FALSE,FALSE,FALSE,FALSE,FALSE
http://www.linkedin.com/company/arthmate,TRUE,TRUE,TRUE,FALSE,FALSE,FALSE,FALSE,FALSE
https://linkedin.com/company/artivatic,TRUE,TRUE,FALSE,FALSE,FALSE,FALSE,FALSE,FALSE
https://linkedin.com/company/asadeltech,TRUE,TRUE,FALSE,FALSE,FALSE,FALSE,FALSE,FALSE
http://linkedin.com/company/ashoka-university,TRUE,FALSE,FALSE,FALSE,FALSE,FALSE,FALSE,FALSE
https://linkedin.com/company/assetplus,TRUE,TRUE,TRUE,FALSE,FALSE,FALSE,FALSE,FALSE
https://linkedin.com/company/assurekit/about,TRUE,FALSE,FALSE,FALSE,FALSE,FALSE,FALSE,FALSE
http://linkedin.com/company/o-tree-solutions-private-limited,FALSE,TRUE,FALSE,FALSE,FALSE,FALSE,FALSE,FALSE
http://www.linkedin.com/company/aurea-software,FALSE,TRUE,FALSE,FALSE,TRUE,FALSE,FALSE,FALSE
http://linkedin.com/company/authlinkproject,FALSE,TRUE,FALSE,FALSE,FALSE,FALSE,FALSE,FALSE
http://www.linkedin.com/company/autogenerate-ai,FALSE,FALSE,FALSE,FALSE,TRUE,FALSE,FALSE,FALSE
https://linkedin.com/company/automaxis,FALSE,TRUE,FALSE,FALSE,FALSE,FALSE,FALSE,FALSE
https://linkedin.com/company/avekshaa-technologies/about,FALSE,TRUE,FALSE,FALSE,FALSE,FALSE,FALSE,FALSE
https://linkedin.com/company/aviso-inc,TRUE,FALSE,FALSE,FALSE,TRUE,FALSE,FALSE,FALSE
https://linkedin.com/company/avrio-energy,FALSE,FALSE,FALSE,FALSE,TRUE,FALSE,FALSE,FALSE
https://linkedin.com/company/awiros,FALSE,FALSE,FALSE,FALSE,FALSE,FALSE,FALSE,FALSE
http://linkedin.com/company/axcend-automation-and-software-solutions,TRUE,FALSE,FALSE,FALSE,FALSE,FALSE,FALSE,FALSE
https://www.linkedin.com/company/axess-ai/,FALSE,TRUE,FALSE,FALSE,TRUE,FALSE,FALSE,FALSE
https://linkedin.com/company/ayu-health,TRUE,FALSE,FALSE,FALSE,FALSE,FALSE,FALSE,FALSE
http://linkedin.com/company/b2r-technologies-pvt-ltd,FALSE,TRUE,FALSE,FALSE,FALSE,FALSE,FALSE,FALSE
http://www.linkedin.com/company/babblebots,TRUE,FALSE,FALSE,FALSE,FALSE,FALSE,FALSE,FALSE
https://linkedin.com/company/baazapp,TRUE,FALSE,FALSE,FALSE,FALSE,FALSE,FALSE,FALSE
https://linkedin.com/company/bamboobox,FALSE,FALSE,FALSE,FALSE,TRUE,FALSE,FALSE,FALSE
http://www.linkedin.com/company/bankbuddyai,TRUE,FALSE,FALSE,FALSE,TRUE,FALSE,FALSE,FALSE
http://www.linkedin.com/company/bdbai,FALSE,TRUE,FALSE,FALSE,FALSE,FALSE,FALSE,FALSE
https://linkedin.com/company/be-u-salons,TRUE,FALSE,FALSE,FALSE,FALSE,FALSE,FALSE,FALSE
http://linkedin.com/company/mobstac,FALSE,TRUE,FALSE,FALSE,TRUE,FALSE,FALSE,FALSE
http://linkedin.com/company/beepkart/,FALSE,FALSE,FALSE,FALSE,FALSE,FALSE,FALSE,FALSE
https://in.linkedin.com/company/being-a-mental-health-friend,FALSE,FALSE,FALSE,FALSE,FALSE,FALSE,FALSE,FALSE
http://linkedin.com/company/bentchair,TRUE,FALSE,FALSE,FALSE,FALSE,FALSE,FALSE,FALSE
http://www.linkedin.com/company/betterbutter,TRUE,FALSE,FALSE,FALSE,TRUE,FALSE,FALSE,FALSE
https://linkedin.com/company/beyondskool,TRUE,FALSE,FALSE,FALSE,FALSE,FALSE,FALSE,FALSE
https://linkedin.com/company/bharatx/about,FALSE,TRUE,TRUE,FALSE,FALSE,FALSE,FALSE,FALSE
https://linkedin.com/company/bhorzvanmotorspvtltd/about,FALSE,FALSE,FALSE,FALSE,FALSE,FALSE,FALSE,FALSE
http://linkedin.com/company/b-hyve/,TRUE,FALSE,FALSE,FALSE,TRUE,FALSE,FALSE,FALSE
http://www.linkedin.com/company/bidstalk,FALSE,TRUE,FALSE,FALSE,TRUE,FALSE,FALSE,FALSE
https://www.linkedin.com/company/bigclozet,FALSE,TRUE,FALSE,FALSE,FALSE,FALSE,FALSE,FALSE
http://www.linkedin.com/company/biglittle-ai,TRUE,FALSE,FALSE,FALSE,FALSE,FALSE,FALSE,FALSE
https://linkedin.com/company/bijnisdotcom/about,FALSE,FALSE,FALSE,FALSE,FALSE,FALSE,FALSE,FALSE
http://linkedin.com/company/billion-tags,FALSE,FALSE,FALSE,FALSE,FALSE,FALSE,FALSE,FALSE
https://linkedin.com/company/billionloans-financial-services-private-limited/about,FALSE,FALSE,FALSE,FALSE,FALSE,FALSE,FALSE,FALSE
https://linkedin.com/company/bitclass-live,TRUE,FALSE,FALSE,FALSE,FALSE,FALSE,FALSE,FALSE
https://linkedin.com/company/blinkeyelabs/about,TRUE,FALSE,FALSE,FALSE,FALSE,FALSE,FALSE,FALSE
https://in.linkedin.com/company/blkbox-ai,TRUE,FALSE,FALSE,FALSE,TRUE,FALSE,FALSE,FALSE
https://linkedin.com/company/blocksurvey,FALSE,TRUE,FALSE,FALSE,TRUE,FALSE,FALSE,FALSE
https://www.linkedin.com/company/blod-in/,FALSE,FALSE,FALSE,FALSE,FALSE,FALSE,FALSE,FALSE
http://linkedin.com/company/bloomigo-in,TRUE,FALSE,FALSE,FALSE,FALSE,FALSE,FALSE,FALSE
https://www.linkedin.com/company/blubirch,TRUE,FALSE,FALSE,FALSE,FALSE,FALSE,FALSE,FALSE
http://linkedin.com/company/bodhiai,FALSE,FALSE,FALSE,FALSE,FALSE,TRUE,FALSE,FALSE
https://linkedin.com/company/bombay-play,FALSE,FALSE,FALSE,FALSE,FALSE,FALSE,FALSE,FALSE
http://linkedin.com/company/book-keeper-app,FALSE,TRUE,FALSE,FALSE,FALSE,FALSE,FALSE,FALSE
http://www.linkedin.com/company/brahmai,FALSE,FALSE,FALSE,FALSE,FALSE,FALSE,FALSE,FALSE
https://www.linkedin.com/company/brainpan-innvoations-private-limited,TRUE,FALSE,FALSE,FALSE,FALSE,FALSE,FALSE,FALSE
https://linkedin.com/company/buildsupply,TRUE,FALSE,FALSE,FALSE,FALSE,FALSE,FALSE,FALSE
http://www.linkedin.com/company/bulbultv,FALSE,FALSE,FALSE,FALSE,FALSE,FALSE,FALSE,FALSE
http://linkedin.com/company/buildzar,FALSE,TRUE,FALSE,FALSE,FALSE,FALSE,FALSE,FALSE
http://linkedin.com/company/butterfly-edufields-ltd.,TRUE,FALSE,FALSE,FALSE,FALSE,FALSE,FALSE,FALSE
https://linkedin.com/company/bytexl,TRUE,FALSE,FALSE,FALSE,FALSE,FALSE,FALSE,FALSE
https://linkedin.com/company/c&s-electric-ltd-,FALSE,TRUE,FALSE,FALSE,FALSE,FALSE,FALSE,FALSE
https://linkedin.com/company/c3-ai/about,FALSE,FALSE,FALSE,FALSE,TRUE,FALSE,FALSE,FALSE
http://linkedin.com/company/campus-diaries,FALSE,FALSE,FALSE,FALSE,FALSE,FALSE,FALSE,FALSE
http://linkedin.com/company/capacloud-trading-solutions-pvt-ltd,FALSE,TRUE,FALSE,FALSE,FALSE,FALSE,FALSE,FALSE
http://linkedin.com/company/capermint-technologies-pvt-ltd,TRUE,FALSE,FALSE,FALSE,FALSE,FALSE,FALSE,FALSE
http://linkedin.com/company/capital-quant-solutions-pvt-ltd,FALSE,FALSE,FALSE,FALSE,TRUE,FALSE,FALSE,FALSE
https://linkedin.com/company/card91/about,FALSE,TRUE,TRUE,FALSE,FALSE,FALSE,FALSE,FALSE
https://www.linkedin.com/company/care-fi/,TRUE,FALSE,TRUE,FALSE,FALSE,FALSE,FALSE,FALSE
http://linkedin.com/company/careeranna,TRUE,FALSE,FALSE,FALSE,FALSE,FALSE,FALSE,FALSE
https://linkedin.com/company/caredose,FALSE,FALSE,FALSE,FALSE,FALSE,FALSE,FALSE,FALSE
http://www.linkedin.com/company/careerpotli2017,TRUE,FALSE,FALSE,FALSE,FALSE,FALSE,FALSE,FALSE
https://www.linkedin.com/company/carpl-ai/,FALSE,TRUE,FALSE,FALSE,TRUE,FALSE,FALSE,FALSE
https://www.linkedin.com/company/caroobi/,FALSE,FALSE,FALSE,FALSE,TRUE,FALSE,FALSE,FALSE
http://linkedin.com/company/cbazaar,FALSE,TRUE,FALSE,FALSE,FALSE,FALSE,FALSE,FALSE
https://www.linkedin.com/company/centum-learning-ltd,FALSE,TRUE,FALSE,FALSE,FALSE,FALSE,FALSE,FALSE
https://www.linkedin.com/company/chase,TRUE,TRUE,FALSE,TRUE,TRUE,FALSE,FALSE,FALSE
http://linkedin.com/company/cherrytin,TRUE,FALSE,FALSE,FALSE,FALSE,FALSE,FALSE,FALSE
https://linkedin.com/company/chirrup-in/about,FALSE,FALSE,FALSE,FALSE,FALSE,FALSE,FALSE,FALSE
https://linkedin.com/company/chroniclehq/about,FALSE,TRUE,FALSE,FALSE,TRUE,FALSE,FALSE,FALSE
https://www.linkedin.com/company/cians-analytics,FALSE,TRUE,FALSE,FALSE,TRUE,FALSE,FALSE,FALSE
http://linkedin.com/company/cielhr,TRUE,FALSE,FALSE,FALSE,FALSE,FALSE,FALSE,FALSE
https://linkedin.com/company/circle-internet-tech-pvt-ltd,FALSE,TRUE,FALSE,FALSE,FALSE,FALSE,FALSE,FALSE
http://linkedin.com/company/citizengage,TRUE,FALSE,FALSE,FALSE,FALSE,FALSE,FALSE,FALSE
http://linkedin.com/company/cityflo,TRUE,FALSE,FALSE,FALSE,FALSE,FALSE,FALSE,FALSE
http://linkedin.com/company/cityfurnish,TRUE,FALSE,FALSE,FALSE,FALSE,FALSE,FALSE,FALSE
https://linkedin.com/company/civilsdaily,TRUE,FALSE,FALSE,FALSE,FALSE,FALSE,FALSE,FALSE
http://linkedin.com/company/claimtherapist/about/,TRUE,FALSE,FALSE,FALSE,FALSE,FALSE,FALSE,FALSE
https://in.linkedin.com/company/clappia,FALSE,FALSE,FALSE,FALSE,FALSE,FALSE,FALSE,FALSE
https://linkedin.com/company/tryclarity,FALSE,FALSE,FALSE,FALSE,FALSE,FALSE,FALSE,FALSE
https://www.linkedin.com/company/claro-energy-private-limited,FALSE,TRUE,FALSE,FALSE,FALSE,FALSE,FALSE,FALSE
http://linkedin.com/company/clean-slate-technologies,FALSE,FALSE,FALSE,FALSE,FALSE,FALSE,FALSE,FALSE
https://www.linkedin.com/company/cliff-ai/,TRUE,FALSE,FALSE,FALSE,TRUE,FALSE,FALSE,FALSE
http://www.linkedin.com/company/clinchpad,FALSE,FALSE,FALSE,FALSE,FALSE,FALSE,FALSE,FALSE
https://linkedin.com/company/clinikk/about,TRUE,FALSE,FALSE,FALSE,FALSE,FALSE,FALSE,FALSE
http://linkedin.com/company/clix-capital,FALSE,TRUE,FALSE,FALSE,FALSE,FALSE,FALSE,FALSE
https://in.linkedin.com/company/clodura-systems,FALSE,TRUE,FALSE,FALSE,TRUE,FALSE,FALSE,FALSE
http://www.linkedin.com/company/cloudbloom,TRUE,FALSE,FALSE,FALSE,FALSE,FALSE,FALSE,FALSE
https://www.linkedin.com/company/cloudnuro/,FALSE,TRUE,FALSE,FALSE,TRUE,FALSE,FALSE,FALSE
http://www.linkedin.com/company/cloudwick,TRUE,FALSE,FALSE,FALSE,TRUE,FALSE,FALSE,FALSE
https://linkedin.com/company/cluzters-ai,FALSE,FALSE,FALSE,FALSE,FALSE,FALSE,FALSE,FALSE
https://www.linkedin.com/company/codeignition,FALSE,TRUE,FALSE,FALSE,FALSE,FALSE,FALSE,FALSE
https://linkedin.com/company/cogniable,TRUE,FALSE,FALSE,FALSE,FALSE,FALSE,FALSE,FALSE
https://www.linkedin.com/company/cognida-ai/,FALSE,FALSE,FALSE,FALSE,TRUE,FALSE,FALSE,FALSE
https://linkedin.com/company/cognisaas/about,FALSE,FALSE,FALSE,FALSE,FALSE,FALSE,FALSE,FALSE
http://linkedin.com/company/cointribe-technologies,TRUE,FALSE,FALSE,FALSE,FALSE,FALSE,FALSE,FALSE
http://linkedin.com/company/indiacollegesearch,TRUE,FALSE,FALSE,FALSE,FALSE,FALSE,FALSE,FALSE
https://linkedin.com/company/collpoll,TRUE,FALSE,FALSE,FALSE,FALSE,TRUE,FALSE,FALSE
https://www.linkedin.com/company/comat-technologies-pvt-ltd,TRUE,FALSE,FALSE,FALSE,FALSE,FALSE,FALSE,FALSE
https://www.linkedin.com/company/concentricinc/,FALSE,TRUE,FALSE,FALSE,TRUE,FALSE,FALSE,FALSE
http://linkedin.com/company/connaizen,FALSE,TRUE,FALSE,FALSE,FALSE,FALSE,FALSE,FALSE
http://linkedin.com/company/connect2-group,FALSE,FALSE,FALSE,FALSE,TRUE,FALSE,FALSE,FALSE
https://linkedin.com/company/contree/about,TRUE,FALSE,FALSE,FALSE,FALSE,FALSE,FALSE,FALSE
http://www.linkedin.com/company/convertcart,FALSE,TRUE,FALSE,FALSE,FALSE,FALSE,FALSE,FALSE
https://www.linkedin.com/company/convin/,FALSE,TRUE,FALSE,FALSE,FALSE,FALSE,FALSE,FALSE
https://linkedin.com/company/convosight,FALSE,TRUE,FALSE,FALSE,FALSE,FALSE,FALSE,FALSE
https://linkedin.com/company/cora-healthcare/about,FALSE,FALSE,FALSE,FALSE,FALSE,FALSE,FALSE,FALSE
https://in.linkedin.com/company/cord-ai1,FALSE,FALSE,FALSE,FALSE,FALSE,FALSE,FALSE,FALSE
https://linkedin.com/company/corizo-edutech,TRUE,FALSE,FALSE,FALSE,FALSE,TRUE,FALSE,FALSE
http://linkedin.com/company/corporate-360,FALSE,FALSE,FALSE,FALSE,TRUE,FALSE,FALSE,FALSE
http://www.linkedin.com/company/cosmofeed,FALSE,TRUE,FALSE,FALSE,FALSE,FALSE,FALSE,FALSE
https://linkedin.com/company/coverself,TRUE,FALSE,FALSE,FALSE,TRUE,FALSE,FALSE,FALSE
http://linkedin.com/company/covrize/,FALSE,FALSE,FALSE,FALSE,FALSE,FALSE,FALSE,FALSE
http://www.linkedin.com/company/cradlewise,TRUE,FALSE,FALSE,FALSE,TRUE,FALSE,FALSE,FALSE
https://linkedin.com/company/thecrazeapp/about,FALSE,FALSE,FALSE,FALSE,TRUE,FALSE,FALSE,FALSE
https://linkedin.com/company/creativegalileo/about,FALSE,TRUE,FALSE,FALSE,TRUE,TRUE,FALSE,FALSE
http://www.linkedin.com/company/cred-ai,FALSE,TRUE,FALSE,FALSE,TRUE,FALSE,FALSE,FALSE
https://linkedin.com/company/credable.in/about,TRUE,FALSE,FALSE,FALSE,FALSE,FALSE,FALSE,FALSE
http://www.linkedin.com/company/credflow,FALSE,FALSE,FALSE,FALSE,FALSE,FALSE,FALSE,FALSE
https://linkedin.com/company/credihealth/about,TRUE,FALSE,FALSE,FALSE,FALSE,FALSE,FALSE,FALSE
http://www.linkedin.com/company/credibase,FALSE,FALSE,FALSE,FALSE,TRUE,FALSE,FALSE,FALSE
https://linkedin.com/company/creditnirvana,FALSE,TRUE,FALSE,FALSE,TRUE,FALSE,FALSE,FALSE
https://linkedin.com/company/creditenable/about,FALSE,FALSE,FALSE,FALSE,TRUE,FALSE,FALSE,FALSE
https://linkedin.com/company/credochain-technologies-pvt-ltd,FALSE,FALSE,FALSE,FALSE,FALSE,FALSE,FALSE,FALSE
https://linkedin.com/company/get-crest/mycompany,TRUE,FALSE,FALSE,FALSE,FALSE,FALSE,FALSE,FALSE
http://www.linkedin.com/company/cricnwin,FALSE,FALSE,FALSE,FALSE,FALSE,FALSE,FALSE,FALSE
https://in.linkedin.com/company/crisptag,FALSE,FALSE,FALSE,FALSE,FALSE,FALSE,FALSE,FALSE
https://linkedin.com/company/crypso/about,FALSE,FALSE,FALSE,FALSE,FALSE,FALSE,FALSE,FALSE
https://linkedin.com/company/cubyts,FALSE,FALSE,FALSE,FALSE,TRUE,FALSE,FALSE,FALSE
https://www.linkedin.com/company/culturro/,TRUE,FALSE,FALSE,FALSE,TRUE,FALSE,FALSE,FALSE
https://in.linkedin.com/company/curieo,FALSE,FALSE,FALSE,FALSE,TRUE,FALSE,FALSE,FALSE
http://linkedin.com/company/curofy,TRUE,FALSE,FALSE,FALSE,FALSE,FALSE,FALSE,FALSE
https://linkedin.com/company/curiousjr,TRUE,FALSE,FALSE,FALSE,FALSE,FALSE,FALSE,FALSE
http://www.linkedin.com/company/cushman-&-wakefield,TRUE,FALSE,FALSE,FALSE,TRUE,FALSE,FALSE,FALSE
https://linkedin.com/company/cypherock,TRUE,FALSE,FALSE,FALSE,TRUE,FALSE,FALSE,FALSE
http://linkedin.com/company/daffodilhealth,TRUE,FALSE,FALSE,FALSE,FALSE,FALSE,FALSE,FALSE
http://www.linkedin.com/company/daloopa,FALSE,FALSE,FALSE,FALSE,TRUE,FALSE,FALSE,FALSE
https://linkedin.com/company/dangal-games/mycompany,FALSE,FALSE,FALSE,FALSE,FALSE,FALSE,FALSE,FALSE
https://linkedin.com/company/dass-scientific-research-labs-private-limited/about,FALSE,FALSE,FALSE,FALSE,FALSE,FALSE,FALSE,FALSE
https://linkedin.com/company/dataresolve-technologies,FALSE,TRUE,FALSE,FALSE,FALSE,FALSE,FALSE,FALSE
https://linkedin.com/company/data-sutram,FALSE,TRUE,FALSE,FALSE,FALSE,FALSE,FALSE,FALSE
https://www.linkedin.com/company/datalog.ai/,TRUE,FALSE,FALSE,FALSE,TRUE,FALSE,FALSE,FALSE
https://linkedin.com/company/datsme,TRUE,FALSE,FALSE,FALSE,FALSE,FALSE,FALSE,FALSE
https://linkedin.com/company/therealdcodeai/about,FALSE,FALSE,FALSE,FALSE,FALSE,FALSE,FALSE,FALSE
http://linkedin.com/company/decimlapp/,FALSE,TRUE,TRUE,FALSE,FALSE,FALSE,FALSE,FALSE
https://linkedin.com/company/deepsight-ai-labs,TRUE,FALSE,FALSE,FALSE,FALSE,FALSE,FALSE,FALSE
http://www.linkedin.com/company/degpeg,FALSE,FALSE,FALSE,FALSE,TRUE,FALSE,FALSE,FALSE
https://linkedin.com/company/deliverr-inc/about,FALSE,FALSE,FALSE,FALSE,TRUE,FALSE,FALSE,FALSE
http://www.linkedin.com/company/dentistry-ai,TRUE,FALSE,FALSE,FALSE,TRUE,FALSE,FALSE,FALSE
https://linkedin.com/company/design-cafe,FALSE,TRUE,FALSE,FALSE,FALSE,FALSE,FALSE,FALSE
https://linkedin.com/company/devdarshan,FALSE,FALSE,FALSE,FALSE,FALSE,FALSE,FALSE,FALSE
https://linkedin.com/company/devtron-labs,FALSE,TRUE,FALSE,FALSE,TRUE,FALSE,FALSE,FALSE
http://www.linkedin.com/company/dhiyo-ai,FALSE,FALSE,FALSE,FALSE,FALSE,FALSE,FALSE,FALSE
http://linkedin.com/company/dice-tech-uk,TRUE,FALSE,FALSE,FALSE,TRUE,FALSE,FALSE,FALSE
http://www.linkedin.com/company/digilytics-ai,FALSE,FALSE,FALSE,FALSE,TRUE,FALSE,FALSE,FALSE
http://www.linkedin.com/company/digital-aristotle,FALSE,FALSE,FALSE,FALSE,FALSE,FALSE,FALSE,FALSE
http://www.linkedin.com/company/digitap-ai,TRUE,FALSE,FALSE,FALSE,FALSE,FALSE,FALSE,FALSE
https://linkedin.com/company/disecto/about,TRUE,FALSE,FALSE,FALSE,FALSE,FALSE,FALSE,FALSE
https://linkedin.com/company/docplexus-online-services-pvt-ltd-,TRUE,FALSE,FALSE,FALSE,FALSE,FALSE,FALSE,FALSE
https://linkedin.com/company/dojimanetwork,TRUE,FALSE,FALSE,FALSE,FALSE,FALSE,FALSE,FALSE
https://linkedin.com/company/dolphinchat/about,FALSE,FALSE,FALSE,FALSE,FALSE,FALSE,FALSE,FALSE
https://linkedin.com/company/doxper,FALSE,TRUE,FALSE,FALSE,FALSE,FALSE,FALSE,FALSE
https://linkedin.com/company/dozee-health,FALSE,FALSE,FALSE,FALSE,FALSE,FALSE,FALSE,FALSE
https://linkedin.com/company/drinkprime,TRUE,FALSE,FALSE,FALSE,FALSE,FALSE,FALSE,FALSE
https://www.linkedin.com/company/4th-dymension-teknocrats,TRUE,FALSE,FALSE,FALSE,FALSE,FALSE,FALSE,FALSE
https://linkedin.com/company/drivezy,FALSE,FALSE,FALSE,FALSE,FALSE,FALSE,FALSE,FALSE
https://linkedin.com/company/drivetrainai,FALSE,FALSE,FALSE,FALSE,TRUE,FALSE,FALSE,FALSE
https://linkedin.com/company/driveu/about,FALSE,TRUE,FALSE,FALSE,FALSE,FALSE,FALSE,FALSE
https://linkedin.com/company/dron-digital-services/about,FALSE,TRUE,FALSE,FALSE,FALSE,FALSE,FALSE,FALSE
https://linkedin.com/company/drona-automations-pvt-ltd,FALSE,TRUE,FALSE,FALSE,FALSE,FALSE,FALSE,FALSE
https://www.linkedin.com/company/deltecs-infotech,FALSE,FALSE,FALSE,FALSE,TRUE,FALSE,FALSE,FALSE
http://linkedin.com/company/dronamaps-pvt-ltd,FALSE,FALSE,FALSE,FALSE,FALSE,FALSE,FALSE,FALSE
https://www.linkedin.com/company/dsyh,FALSE,FALSE,FALSE,FALSE,FALSE,FALSE,FALSE,FALSE
https://in.linkedin.com/company/dugnad-ai,FALSE,FALSE,FALSE,FALSE,TRUE,FALSE,FALSE,FALSE
http://www.linkedin.com/company/e42dotai,FALSE,FALSE,FALSE,FALSE,FALSE,FALSE,FALSE,FALSE
https://linkedin.com/company/earth-fokus,FALSE,TRUE,FALSE,FALSE,FALSE,FALSE,FALSE,FALSE
https://linkedin.com/company/easyecom,FALSE,FALSE,FALSE,FALSE,FALSE,FALSE,FALSE,FALSE
http://linkedin.com/company/easyrewardz,TRUE,FALSE,FALSE,FALSE,FALSE,FALSE,FALSE,FALSE
https://www.linkedin.com/company/edall-systems,TRUE,FALSE,FALSE,FALSE,FALSE,FALSE,FALSE,FALSE
https://linkedin.com/company/getedge,FALSE,TRUE,FALSE,FALSE,FALSE,FALSE,FALSE,FALSE
https://linkedin.com/company/edgegrid,FALSE,FALSE,FALSE,FALSE,FALSE,FALSE,FALSE,FALSE
http://linkedin.com/company/edgetensor,TRUE,FALSE,FALSE,FALSE,TRUE,FALSE,FALSE,FALSE
https://linkedin.com/company/edgistify-givingedgetoyoursupplychain/about,TRUE,FALSE,FALSE,FALSE,FALSE,FALSE,FALSE,FALSE
http://linkedin.com/company/edubridge-learning-pvt.-ltd.,TRUE,FALSE,FALSE,FALSE,FALSE,FALSE,FALSE,FALSE
http://www.linkedin.com/company/edustoke,FALSE,FALSE,FALSE,FALSE,FALSE,FALSE,FALSE,FALSE
http://linkedin.com/company/edustack-ai/,TRUE,FALSE,FALSE,FALSE,FALSE,FALSE,FALSE,FALSE
https://www.linkedin.com/company/eduvanz,TRUE,FALSE,FALSE,FALSE,FALSE,FALSE,FALSE,FALSE
https://www.linkedin.com/company/eedge-ai/,FALSE,FALSE,FALSE,FALSE,FALSE,FALSE,FALSE,FALSE
http://linkedin.com/company/electorq-technologies/,FALSE,FALSE,FALSE,FALSE,FALSE,FALSE,FALSE,FALSE
http://www.linkedin.com/company/elevate-so,FALSE,TRUE,FALSE,FALSE,FALSE,FALSE,FALSE,FALSE
https://linkedin.com/company/embifi,FALSE,FALSE,FALSE,FALSE,FALSE,FALSE,FALSE,FALSE
https://www.linkedin.com/company/promorph-solutions-pvt--ltd-,FALSE,FALSE,FALSE,FALSE,FALSE,FALSE,FALSE,FALSE
https://linkedin.com/company/endimension-technology-private-limited/about,FALSE,FALSE,FALSE,FALSE,FALSE,FALSE,FALSE,FALSE
https://linkedin.com/company/enerlly-com-inizent-internet-solutions-pvt-ltd/about,TRUE,FALSE,FALSE,FALSE,FALSE,FALSE,FALSE,FALSE
https://www.linkedin.com/company/engineer.ai/,FALSE,FALSE,FALSE,FALSE,TRUE,FALSE,FALSE,FALSE
https://linkedin.com/company/enparadigm,TRUE,FALSE,FALSE,FALSE,FALSE,FALSE,FALSE,FALSE
https://linkedin.com/company/enrichvideo,FALSE,FALSE,FALSE,FALSE,TRUE,FALSE,FALSE,FALSE
https://linkedin.com/company/entero-healthcare/about,FALSE,TRUE,FALSE,FALSE,FALSE,FALSE,FALSE,FALSE
https://linkedin.com/company/eronkan/about,TRUE,FALSE,FALSE,FALSE,FALSE,FALSE,FALSE,FALSE
http://linkedin.com/company/estee,TRUE,FALSE,FALSE,FALSE,FALSE,FALSE,FALSE,FALSE
http://linkedin.com/company/eternus-solutions-private-limited,FALSE,TRUE,FALSE,FALSE,FALSE,FALSE,FALSE,FALSE
https://linkedin.com/company/evurjaa/about,FALSE,TRUE,FALSE,FALSE,FALSE,FALSE,FALSE,FALSE
http://linkedin.com/company/even,TRUE,FALSE,FALSE,FALSE,TRUE,FALSE,FALSE,FALSE
http://linkedin.com/company/eventjini,TRUE,FALSE,FALSE,FALSE,FALSE,FALSE,FALSE,FALSE
http://linkedin.com/company/evolutionco/,FALSE,FALSE,FALSE,FALSE,FALSE,FALSE,FALSE,FALSE
http://www.linkedin.com/company/exambazaar,FALSE,FALSE,FALSE,FALSE,FALSE,FALSE,FALSE,FALSE
http://www.linkedin.com/company/exly,FALSE,FALSE,FALSE,FALSE,TRUE,FALSE,FALSE,FALSE
https://linkedin.com/company/explurger,TRUE,FALSE,FALSE,FALSE,FALSE,FALSE,FALSE,FALSE
https://linkedin.com/company/express-stores,FALSE,TRUE,FALSE,FALSE,FALSE,FALSE,FALSE,FALSE
http://linkedin.com/company/ezcred-private-limited,FALSE,FALSE,FALSE,FALSE,FALSE,FALSE,FALSE,FALSE
http://www.linkedin.com/company/eze-ai,FALSE,FALSE,FALSE,FALSE,FALSE,FALSE,FALSE,FALSE
http://linkedin.com/company/ezedox,FALSE,FALSE,FALSE,FALSE,FALSE,FALSE,FALSE,FALSE
https://linkedin.com/company/ezetap-mobile-solutions-pvt-ltd,TRUE,FALSE,FALSE,FALSE,FALSE,FALSE,FALSE,FALSE
https://linkedin.com/company/fabheads-automation/about,TRUE,FALSE,FALSE,FALSE,FALSE,FALSE,FALSE,FALSE
http://linkedin.com/company/facilio-inc,TRUE,FALSE,FALSE,FALSE,TRUE,FALSE,FALSE,FALSE
http://www.linkedin.com/company/factri-ai,TRUE,FALSE,FALSE,FALSE,FALSE,FALSE,FALSE,FALSE
https://linkedin.com/company/falconfs/about,FALSE,TRUE,TRUE,FALSE,FALSE,FALSE,FALSE,FALSE
https://linkedin.com/company/fanplay-iot,FALSE,FALSE,FALSE,FALSE,FALSE,FALSE,FALSE,FALSE
https://linkedin.com/company/fantasyakhada,TRUE,FALSE,FALSE,FALSE,FALSE,FALSE,FALSE,FALSE
https://linkedin.com/company/farmart-app-os/about,TRUE,FALSE,FALSE,FALSE,FALSE,FALSE,FALSE,FALSE
https://linkedin.com/company/farmveda,FALSE,TRUE,FALSE,FALSE,FALSE,FALSE,FALSE,FALSE
https://linkedin.com/company/fashinza,TRUE,FALSE,FALSE,FALSE,FALSE,FALSE,FALSE,FALSE
http://www.linkedin.com/company/fellowship-ai,FALSE,FALSE,FALSE,FALSE,TRUE,FALSE,FALSE,FALSE
http://linkedin.com/company/ferns-n-petals,FALSE,FALSE,FALSE,FALSE,FALSE,FALSE,FALSE,FALSE
https://linkedin.com/company/fiacre-telematics-pvt-ltd/about,FALSE,FALSE,FALSE,FALSE,FALSE,FALSE,FALSE,FALSE
https://linkedin.com/company/fifthtry,FALSE,FALSE,FALSE,FALSE,FALSE,FALSE,FALSE,FALSE
https://linkedin.com/company/filoedtech,TRUE,FALSE,FALSE,FALSE,FALSE,FALSE,FALSE,FALSE
http://www.linkedin.com/company/financepeer,TRUE,FALSE,TRUE,FALSE,FALSE,FALSE,FALSE,FALSE
http://linkedin.com/company/finly.io,TRUE,FALSE,FALSE,FALSE,TRUE,FALSE,FALSE,FALSE
https://linkedin.com/company/finovate-capital,FALSE,TRUE,TRUE,FALSE,FALSE,FALSE,FALSE,FALSE
http://www.linkedin.com/company/fireflies-inc,FALSE,TRUE,FALSE,FALSE,TRUE,FALSE,FALSE,FALSE
https://linkedin.com/company/fitbots,FALSE,FALSE,FALSE,FALSE,TRUE,FALSE,FALSE,FALSE
https://linkedin.com/company/fitpass,FALSE,FALSE,FALSE,FALSE,FALSE,FALSE,FALSE,FALSE
http://linkedin.com/company/fittr,FALSE,TRUE,FALSE,FALSE,FALSE,FALSE,FALSE,FALSE
https://linkedin.com/company/fitterfly,TRUE,FALSE,FALSE,FALSE,FALSE,FALSE,FALSE,FALSE
https://linkedin.com/company/getfleekapp,TRUE,FALSE,FALSE,FALSE,FALSE,FALSE,FALSE,FALSE
http://linkedin.com/company/flexc,TRUE,FALSE,FALSE,FALSE,FALSE,FALSE,FALSE,FALSE
https://linkedin.com/company/flexmoney-technologies-pvt-ltd,FALSE,TRUE,FALSE,FALSE,FALSE,FALSE,FALSE,FALSE
https://linkedin.com/company/flipitmoneyofficial,TRUE,FALSE,FALSE,FALSE,FALSE,FALSE,FALSE,FALSE
https://linkedin.com/company/flipspaces,TRUE,FALSE,FALSE,FALSE,FALSE,FALSE,FALSE,FALSE
https://www.linkedin.com/company/flocareer?trk=cws-cpw-coname-0-0,TRUE,FALSE,FALSE,FALSE,TRUE,FALSE,FALSE,FALSE
https://linkedin.com/company/flixstock/about,FALSE,TRUE,FALSE,FALSE,TRUE,FALSE,FALSE,FALSE
https://linkedin.com/company/flobiz,FALSE,TRUE,FALSE,FALSE,FALSE,FALSE,FALSE,FALSE
https://linkedin.com/company/florence-capital-india/about,FALSE,TRUE,TRUE,FALSE,FALSE,FALSE,FALSE,FALSE
https://www.linkedin.com/company/flurn/,TRUE,FALSE,FALSE,FALSE,FALSE,FALSE,FALSE,FALSE
http://linkedin.com/company/fluxgen-engineering-technologies,FALSE,FALSE,FALSE,FALSE,FALSE,FALSE,FALSE,FALSE
https://linkedin.com/company/flyzy/about,FALSE,FALSE,FALSE,FALSE,FALSE,FALSE,FALSE,FALSE
https://in.linkedin.com/company/follysystems,FALSE,FALSE,FALSE,FALSE,FALSE,FALSE,FALSE,FALSE
http://www.linkedin.com/company/forbinary,FALSE,FALSE,FALSE,FALSE,FALSE,FALSE,FALSE,FALSE
https://www.linkedin.com/company/fortocompany/,FALSE,FALSE,FALSE,FALSE,TRUE,FALSE,FALSE,FALSE
http://linkedin.com/company/foyr,TRUE,FALSE,FALSE,FALSE,TRUE,FALSE,FALSE,FALSE
https://linkedin.com/company/fr-8/about,TRUE,FALSE,FALSE,FALSE,FALSE,FALSE,FALSE,FALSE
https://linkedin.com/company/fraazo,TRUE,FALSE,FALSE,FALSE,FALSE,FALSE,FALSE,FALSE
http://linkedin.com/company/framebench,TRUE,FALSE,FALSE,FALSE,FALSE,FALSE,FALSE,FALSE
http://linkedin.com/company/freshersworld-com,FALSE,TRUE,FALSE,FALSE,FALSE,FALSE,FALSE,FALSE
https://linkedin.com/company/fudr,FALSE,FALSE,FALSE,FALSE,FALSE,FALSE,FALSE,FALSE
https://linkedin.com/company/fydoin/about,FALSE,FALSE,FALSE,FALSE,FALSE,FALSE,FALSE,FALSE
https://linkedin.com/company/fyllo-tech,TRUE,FALSE,FALSE,FALSE,TRUE,FALSE,FALSE,FALSE
http://linkedin.com/company/g-square-solutions-pvt-ltd,FALSE,TRUE,FALSE,FALSE,FALSE,FALSE,FALSE,FALSE
http://linkedin.com/company/gaia-design,FALSE,FALSE,FALSE,FALSE,TRUE,FALSE,FALSE,FALSE
https://www.linkedin.com/company/galleri5,FALSE,FALSE,FALSE,FALSE,FALSE,FALSE,FALSE,FALSE
http://www.linkedin.com/company/gameface-ai,FALSE,FALSE,FALSE,FALSE,TRUE,FALSE,FALSE,FALSE
http://linkedin.com/company/gamooga-softtech-pvt-ltd-,TRUE,FALSE,FALSE,FALSE,FALSE,FALSE,FALSE,FALSE
http://linkedin.com/company/gateforum,TRUE,FALSE,FALSE,FALSE,FALSE,FALSE,FALSE,FALSE
https://linkedin.com/company/gatewayvr/about,FALSE,FALSE,FALSE,FALSE,FALSE,FALSE,FALSE,FALSE
https://linkedin.com/company/geek-labs,TRUE,FALSE,FALSE,FALSE,FALSE,FALSE,FALSE,FALSE
http://linkedin.com/company/geeksynergy-technologies-pvt--ltd-,FALSE,TRUE,FALSE,FALSE,FALSE,FALSE,FALSE,FALSE
https://linkedin.com/company/sayogenie,TRUE,FALSE,FALSE,FALSE,FALSE,FALSE,FALSE,FALSE
https://linkedin.com/company/geoiq-io,FALSE,FALSE,FALSE,FALSE,FALSE,FALSE,FALSE,FALSE
https://www.linkedin.com/company/germin8,FALSE,FALSE,FALSE,FALSE,FALSE,FALSE,FALSE,FALSE
http://linkedin.com/company/getactive,FALSE,FALSE,FALSE,FALSE,FALSE,FALSE,FALSE,FALSE
http://linkedin.com/company/retailnav,TRUE,FALSE,FALSE,FALSE,FALSE,FALSE,FALSE,FALSE
http://www.linkedin.com/company/getmeashop,FALSE,TRUE,FALSE,FALSE,FALSE,FALSE,FALSE,FALSE
https://linkedin.com/company/giftolexia/about,TRUE,FALSE,FALSE,FALSE,FALSE,FALSE,FALSE,FALSE
http://www.linkedin.com/company/gimbooks,TRUE,FALSE,FALSE,FALSE,FALSE,FALSE,FALSE,FALSE
http://linkedin.com/company/ginni-systems-ltd,TRUE,FALSE,FALSE,FALSE,FALSE,FALSE,FALSE,FALSE
https://linkedin.com/company/gmoney-in,TRUE,FALSE,TRUE,FALSE,FALSE,FALSE,FALSE,FALSE
https://linkedin.com/company/goals101/about,FALSE,TRUE,FALSE,FALSE,FALSE,FALSE,FALSE,FALSE
https://linkedin.com/company/gobumpr-/about,FALSE,FALSE,FALSE,FALSE,FALSE,FALSE,FALSE,FALSE
http://www.linkedin.com/company/goglocal,TRUE,FALSE,FALSE,FALSE,FALSE,FALSE,FALSE,FALSE
http://linkedin.com/company/gogo-vision-ltd,FALSE,FALSE,FALSE,FALSE,TRUE,FALSE,FALSE,FALSE
https://www.linkedin.com/company/gofind,TRUE,FALSE,FALSE,FALSE,TRUE,FALSE,FALSE,FALSE
https://www.linkedin.com/company/gofloaters/,FALSE,FALSE,FALSE,FALSE,FALSE,FALSE,FALSE,FALSE
https://linkedin.com/company/gogobusglobal/about,FALSE,TRUE,FALSE,FALSE,FALSE,FALSE,FALSE,FALSE
https://linkedin.com/company/goinfluencer,FALSE,FALSE,FALSE,FALSE,FALSE,FALSE,FALSE,FALSE
http://linkedin.com/company/gogo-truck,FALSE,FALSE,FALSE,FALSE,FALSE,FALSE,FALSE,FALSE
https://linkedin.com/company/goodbox,FALSE,TRUE,FALSE,FALSE,FALSE,FALSE,FALSE,FALSE
https://linkedin.com/company/gordian-technologies-private-limited,TRUE,FALSE,FALSE,FALSE,FALSE,FALSE,FALSE,FALSE
http://www.linkedin.com/company/grabon,TRUE,FALSE,FALSE,FALSE,FALSE,FALSE,FALSE,FALSE
https://linkedin.com/company/gradeazy,TRUE,FALSE,FALSE,FALSE,FALSE,FALSE,FALSE,FALSE
https://in.linkedin.com/company/grainpad,TRUE,FALSE,FALSE,FALSE,FALSE,FALSE,FALSE,FALSE
https://linkedin.com/company/gramophone.co.in,FALSE,TRUE,FALSE,FALSE,FALSE,FALSE,FALSE,FALSE
http://linkedin.com/company/greedygame-media,FALSE,FALSE,FALSE,FALSE,FALSE,FALSE,FALSE,FALSE
http://linkedin.com/company/green-robot-machinery,FALSE,FALSE,FALSE,FALSE,FALSE,FALSE,FALSE,FALSE
https://www.linkedin.com/company/gridlogics-technologies-pvt--ltd-,FALSE,FALSE,FALSE,FALSE,FALSE,FALSE,FALSE,FALSE
https://in.linkedin.com/company/grizmo-labs,FALSE,TRUE,FALSE,FALSE,FALSE,FALSE,FALSE,FALSE
https://linkedin.com/company/gromofintech/about,FALSE,TRUE,FALSE,FALSE,FALSE,FALSE,FALSE,FALSE
https://linkedin.com/company/grow-indigo-pvt-ltd,TRUE,FALSE,FALSE,FALSE,FALSE,FALSE,FALSE,FALSE
http://www.linkedin.com/company/grow-fit-healthzone-organic-foods-pvt.-ltd.-,FALSE,FALSE,FALSE,FALSE,FALSE,FALSE,FALSE,FALSE
http://www.linkedin.com/company/guarented,FALSE,TRUE,FALSE,FALSE,FALSE,FALSE,FALSE,FALSE
https://www.linkedin.com/company/guise-ai/,TRUE,FALSE,FALSE,FALSE,TRUE,FALSE,FALSE,FALSE
https://linkedin.com/company/guitaa,FALSE,FALSE,FALSE,FALSE,FALSE,FALSE,FALSE,FALSE
https://linkedin.com/company/gumlet/about,FALSE,TRUE,FALSE,FALSE,TRUE,FALSE,FALSE,FALSE
https://linkedin.com/company/gullak-money,FALSE,FALSE,FALSE,FALSE,FALSE,FALSE,FALSE,FALSE
http://linkedin.com/company/guruji.com,TRUE,FALSE,FALSE,FALSE,FALSE,FALSE,FALSE,FALSE
http://linkedin.com/company/gyandhan,TRUE,FALSE,FALSE,FALSE,FALSE,FALSE,FALSE,FALSE
http://linkedin.com/company/gympik-health-solutions-pvt-ltd,FALSE,TRUE,FALSE,FALSE,FALSE,FALSE,FALSE,FALSE
https://www.linkedin.com/company/haber-tech/,FALSE,FALSE,FALSE,FALSE,FALSE,FALSE,FALSE,FALSE
https://linkedin.com/company/habitate-io,TRUE,FALSE,TRUE,FALSE,FALSE,FALSE,FALSE,FALSE
http://linkedin.com/company/haikujam,FALSE,TRUE,FALSE,FALSE,FALSE,FALSE,FALSE,FALSE
http://linkedin.com/company/haltdos,FALSE,FALSE,FALSE,FALSE,FALSE,FALSE,FALSE,FALSE
http://linkedin.com/company/handyhome,FALSE,TRUE,FALSE,FALSE,FALSE,FALSE,FALSE,FALSE
http://www.linkedin.com/company/happy-adda-studios-pvt-ltd,FALSE,FALSE,FALSE,FALSE,FALSE,FALSE,FALSE,FALSE
https://linkedin.com/company/harmoney,FALSE,FALSE,FALSE,FALSE,FALSE,FALSE,FALSE,FALSE
http://linkedin.com/company/hasgeek,FALSE,FALSE,FALSE,FALSE,FALSE,FALSE,FALSE,FALSE
https://linkedin.com/company/hashtag-loyalty/about,FALSE,TRUE,FALSE,FALSE,FALSE,FALSE,FALSE,FALSE
http://linkedin.com/company/hate2wait,FALSE,FALSE,FALSE,FALSE,FALSE,FALSE,FALSE,FALSE
https://www.linkedin.com/company/haystackanalytics/,FALSE,TRUE,FALSE,FALSE,FALSE,FALSE,FALSE,FALSE
https://linkedin.com/company/healofy,FALSE,TRUE,FALSE,FALSE,FALSE,FALSE,FALSE,FALSE
https://linkedin.com/company/healthsensei/about,FALSE,FALSE,FALSE,FALSE,FALSE,FALSE,FALSE,FALSE
https://www.linkedin.com/company/healthassure,FALSE,FALSE,FALSE,FALSE,FALSE,FALSE,FALSE,FALSE
https://www.linkedin.com/company/healthelife-platform,FALSE,FALSE,FALSE,FALSE,FALSE,FALSE,FALSE,FALSE
http://linkedin.com/company/healthmir,TRUE,FALSE,FALSE,FALSE,FALSE,FALSE,FALSE,FALSE
https://in.linkedin.com/company/usehelppr,FALSE,FALSE,FALSE,FALSE,FALSE,FALSE,FALSE,FALSE
http://linkedin.com/company/herald-logic,TRUE,FALSE,FALSE,FALSE,FALSE,FALSE,FALSE,FALSE
http://www.linkedin.com/company/hertz-ai,FALSE,FALSE,FALSE,FALSE,FALSE,FALSE,FALSE,FALSE
http://www.linkedin.com/company/heu-ai,FALSE,TRUE,FALSE,FALSE,FALSE,FALSE,FALSE,FALSE
https://linkedin.com/company/hexahealth,TRUE,FALSE,FALSE,FALSE,FALSE,FALSE,FALSE,FALSE
http://linkedin.com/company/heymath,FALSE,TRUE,FALSE,FALSE,FALSE,FALSE,FALSE,FALSE
https://www.linkedin.com/company/hijinny-com,FALSE,FALSE,FALSE,FALSE,FALSE,FALSE,FALSE,FALSE
https://in.linkedin.com/company/hilifeai,FALSE,TRUE,FALSE,FALSE,FALSE,FALSE,FALSE,FALSE
http://linkedin.com/company/hira-hrtech/,FALSE,FALSE,FALSE,FALSE,FALSE,FALSE,FALSE,FALSE
https://linkedin.com/company/hirehunch,FALSE,FALSE,FALSE,FALSE,FALSE,FALSE,FALSE,FALSE
https://linkedin.com/company/hivericks,FALSE,TRUE,FALSE,FALSE,FALSE,FALSE,FALSE,FALSE
https://linkedin.com/company/honda-motorcycle-&-scooter-india-pvt.-ltd.,FALSE,FALSE,FALSE,FALSE,TRUE,FALSE,FALSE,FALSE
http://linkedin.com/company/connectwithhono,FALSE,TRUE,FALSE,FALSE,FALSE,FALSE,FALSE,FALSE
https://it.linkedin.com/company/hora,FALSE,TRUE,TRUE,FALSE,FALSE,FALSE,FALSE,FALSE
https://linkedin.com/company/hostbooks,FALSE,FALSE,FALSE,FALSE,TRUE,FALSE,FALSE,FALSE
http://linkedin.com/company/hubbler.mobi/,FALSE,TRUE,FALSE,FALSE,FALSE,FALSE,FALSE,FALSE
https://linkedin.com/company/hudle/about,TRUE,FALSE,FALSE,FALSE,FALSE,FALSE,FALSE,FALSE
https://linkedin.com/company/huemn,FALSE,FALSE,FALSE,FALSE,FALSE,FALSE,FALSE,FALSE
https://linkedin.com/company/huloq/about,TRUE,FALSE,FALSE,FALSE,FALSE,FALSE,FALSE,FALSE
http://www.linkedin.com/company/humit-app,FALSE,FALSE,FALSE,FALSE,FALSE,FALSE,FALSE,FALSE
https://linkedin.com/company/hushl,FALSE,FALSE,FALSE,FALSE,FALSE,FALSE,FALSE,FALSE
https://linkedin.com/company/hypto/about,FALSE,FALSE,FALSE,FALSE,FALSE,FALSE,FALSE,FALSE
https://www.linkedin.com/company/icecream-labs,TRUE,FALSE,FALSE,FALSE,TRUE,FALSE,FALSE,FALSE
http://linkedin.com/company/icliniq,FALSE,FALSE,FALSE,FALSE,FALSE,FALSE,FALSE,FALSE
https://linkedin.com/company/icsinternational/about,FALSE,FALSE,FALSE,FALSE,FALSE,FALSE,FALSE,FALSE
http://linkedin.com/company/idea-device-technologies,FALSE,TRUE,FALSE,FALSE,FALSE,FALSE,FALSE,FALSE
https://linkedin.com/company/iglobsyn,TRUE,FALSE,FALSE,FALSE,FALSE,FALSE,FALSE,FALSE
http://linkedin.com/company/igpcom,FALSE,TRUE,FALSE,FALSE,FALSE,FALSE,FALSE,FALSE
http://www.linkedin.com/company/ihx-india,FALSE,FALSE,FALSE,FALSE,FALSE,FALSE,FALSE,FALSE
https://www.linkedin.com/company/iitg-ai/,FALSE,FALSE,FALSE,FALSE,FALSE,FALSE,FALSE,FALSE
http://www.linkedin.com/company/il&fs,TRUE,FALSE,FALSE,FALSE,FALSE,FALSE,FALSE,FALSE
https://linkedin.com/company/imagoai,FALSE,TRUE,FALSE,FALSE,TRUE,FALSE,FALSE,FALSE
https://linkedin.com/company/imarticuslearning,TRUE,FALSE,FALSE,FALSE,FALSE,TRUE,FALSE,FALSE
http://www.linkedin.com/company/impress.ai,FALSE,TRUE,FALSE,FALSE,TRUE,FALSE,FALSE,FALSE
http://www.linkedin.com/company/imstrong,FALSE,FALSE,FALSE,FALSE,FALSE,FALSE,FALSE,FALSE
http://linkedin.com/company/stylecraze-beauty-care-pvt-ltd,FALSE,TRUE,FALSE,FALSE,FALSE,FALSE,FALSE,FALSE
https://linkedin.com/company/indianmoney-com/about,FALSE,TRUE,FALSE,FALSE,FALSE,FALSE,FALSE,FALSE
https://linkedin.com/company/indiumfinance/about,TRUE,FALSE,FALSE,FALSE,FALSE,FALSE,FALSE,FALSE
http://linkedin.com/company/indusaction,TRUE,FALSE,FALSE,FALSE,FALSE,FALSE,FALSE,FALSE
https://in.linkedin.com/company/blp-industry-ai,FALSE,TRUE,FALSE,FALSE,FALSE,FALSE,FALSE,FALSE
http://linkedin.com/company/inertial-elements,TRUE,FALSE,FALSE,FALSE,FALSE,FALSE,FALSE,FALSE
https://linkedin.com/company/inficold,FALSE,FALSE,FALSE,FALSE,FALSE,FALSE,FALSE,FALSE
https://linkedin.com/company/infilect,FALSE,TRUE,FALSE,FALSE,FALSE,FALSE,FALSE,FALSE
https://www.linkedin.com/company/infraeyes,FALSE,FALSE,FALSE,FALSE,FALSE,FALSE,FALSE,FALSE
http://linkedin.com/company/inkmonk,FALSE,TRUE,FALSE,FALSE,FALSE,FALSE,FALSE,FALSE
https://linkedin.com/company/innoctive-technologies-pvt-ltd/about,FALSE,TRUE,FALSE,FALSE,FALSE,FALSE,FALSE,FALSE
http://linkedin.com/company/innolat-technologies,TRUE,FALSE,FALSE,FALSE,FALSE,FALSE,FALSE,FALSE
https://www.linkedin.com/company/innov8-coworking?trk=mini-profile,FALSE,TRUE,FALSE,FALSE,FALSE,FALSE,FALSE,FALSE
http://www.linkedin.com/company/insemi-technology-services-private-limited,TRUE,FALSE,FALSE,FALSE,FALSE,FALSE,FALSE,FALSE
https://linkedin.com/company/inspacco/about,TRUE,FALSE,FALSE,FALSE,FALSE,FALSE,FALSE,FALSE
http://www.linkedin.com/company/instasafe,FALSE,TRUE,FALSE,FALSE,TRUE,FALSE,FALSE,FALSE
http://linkedin.com/company/instem,FALSE,TRUE,FALSE,FALSE,TRUE,FALSE,FALSE,FALSE
https://linkedin.com/company/intain,FALSE,TRUE,TRUE,FALSE,TRUE,FALSE,FALSE,FALSE
http://www.linkedin.com/company/intellicaai,TRUE,FALSE,FALSE,FALSE,FALSE,FALSE,FALSE,FALSE
http://linkedin.com/company/intouchapp,TRUE,FALSE,FALSE,FALSE,FALSE,FALSE,FALSE,FALSE
https://linkedin.com/company/inuvest-technologies/about,TRUE,FALSE,FALSE,FALSE,FALSE,FALSE,FALSE,FALSE
https://in.linkedin.com/company/avazapp,FALSE,TRUE,FALSE,FALSE,TRUE,FALSE,FALSE,FALSE
https://linkedin.com/company/inventys-pvt-ltd,FALSE,TRUE,FALSE,FALSE,FALSE,FALSE,FALSE,FALSE
https://linkedin.com/company/invoid-technologies,FALSE,FALSE,FALSE,FALSE,FALSE,FALSE,FALSE,FALSE
https://linkedin.com/company/iphawk,TRUE,FALSE,FALSE,FALSE,FALSE,FALSE,FALSE,FALSE
https://linkedin.com/company/in-solutions_global,FALSE,TRUE,TRUE,FALSE,FALSE,FALSE,FALSE,FALSE
https://linkedin.com/company/jan-elaaj-healthcare-pvt-ltd/about,FALSE,TRUE,FALSE,FALSE,FALSE,FALSE,FALSE,FALSE
https://linkedin.com/company/okjavis/about,FALSE,TRUE,FALSE,FALSE,FALSE,FALSE,FALSE,FALSE
http://www.linkedin.com/company/jawaharlal-nehru-university-new-delhi,FALSE,TRUE,FALSE,FALSE,FALSE,FALSE,FALSE,FALSE
https://linkedin.com/company/jidoka-tech,FALSE,FALSE,FALSE,FALSE,FALSE,FALSE,FALSE,FALSE
http://linkedin.com/company/jodopay/,FALSE,TRUE,TRUE,FALSE,FALSE,FALSE,FALSE,FALSE
http://linkedin.com/company/johareez-com-auctions-p-ltd-,FALSE,TRUE,FALSE,FALSE,FALSE,FALSE,FALSE,FALSE
https://linkedin.com/company/jubi-ai/about,FALSE,FALSE,FALSE,FALSE,FALSE,FALSE,FALSE,FALSE
https://linkedin.com/company/jungroolearning,TRUE,FALSE,FALSE,FALSE,FALSE,FALSE,FALSE,FALSE
http://www.linkedin.com/company/justdoc,TRUE,FALSE,FALSE,FALSE,FALSE,FALSE,FALSE,FALSE
http://linkedin.com/company/kagami,TRUE,FALSE,FALSE,FALSE,FALSE,FALSE,FALSE,FALSE
http://linkedin.com/company/kaivalya-education-foundation,TRUE,FALSE,FALSE,FALSE,FALSE,FALSE,FALSE,FALSE
http://www.linkedin.com/company/kaksha-ai,FALSE,FALSE,FALSE,FALSE,FALSE,FALSE,FALSE,FALSE
https://linkedin.com/company/kappian/about,TRUE,FALSE,FALSE,FALSE,FALSE,FALSE,FALSE,FALSE
https://linkedin.com/company/karnivalapp/about,FALSE,TRUE,FALSE,FALSE,FALSE,FALSE,FALSE,FALSE
https://linkedin.com/company/karo-sambhav-private-limited,FALSE,TRUE,FALSE,FALSE,FALSE,FALSE,FALSE,FALSE
http://www.linkedin.com/company/kayrros,TRUE,FALSE,FALSE,FALSE,TRUE,FALSE,FALSE,FALSE
https://linkedin.com/company/kenko-health,FALSE,FALSE,FALSE,FALSE,FALSE,FALSE,FALSE,FALSE
https://linkedin.com/company/ketto-online-ventures-private-limited,FALSE,TRUE,FALSE,FALSE,FALSE,FALSE,FALSE,FALSE
https://linkedin.com/company/khabri-app/about,FALSE,TRUE,FALSE,FALSE,FALSE,FALSE,FALSE,FALSE
https://linkedin.com/company/kidex,FALSE,FALSE,FALSE,FALSE,FALSE,FALSE,FALSE,FALSE
https://linkedin.com/company/janani-ai/about,FALSE,FALSE,FALSE,FALSE,TRUE,FALSE,FALSE,FALSE
http://linkedin.com/company/kinsane-entertainment,TRUE,FALSE,FALSE,FALSE,FALSE,FALSE,FALSE,FALSE
https://linkedin.com/company/kirana-club,FALSE,TRUE,FALSE,FALSE,FALSE,FALSE,FALSE,FALSE
https://www.linkedin.com/company/kisi,TRUE,FALSE,FALSE,FALSE,TRUE,FALSE,FALSE,FALSE
http://linkedin.com/company/kisanwala/?viewAsMember=true,TRUE,FALSE,FALSE,FALSE,FALSE,FALSE,FALSE,FALSE
http://www.linkedin.com/company/klinify,TRUE,FALSE,FALSE,FALSE,TRUE,FALSE,FALSE,FALSE
https://linkedin.com/company/klubworks,FALSE,FALSE,TRUE,FALSE,FALSE,FALSE,FALSE,FALSE
http://linkedin.com/company/knowlvers-consulting-pvt-ltd,TRUE,FALSE,FALSE,FALSE,FALSE,FALSE,FALSE,FALSE
http://www.linkedin.com/company/kodeyoga,FALSE,TRUE,FALSE,FALSE,FALSE,FALSE,FALSE,FALSE
http://www.linkedin.com/company/kognitiv-corporation,FALSE,TRUE,FALSE,FALSE,TRUE,FALSE,FALSE,FALSE
https://linkedin.com/company/koireader/about,FALSE,FALSE,FALSE,FALSE,TRUE,FALSE,FALSE,FALSE
https://linkedin.com/company/konfinity,TRUE,FALSE,FALSE,FALSE,FALSE,FALSE,FALSE,FALSE
https://linkedin.com/company/koo-india,TRUE,FALSE,FALSE,FALSE,FALSE,FALSE,FALSE,FALSE
https://linkedin.com/company/kopykitab/about,TRUE,FALSE,FALSE,FALSE,FALSE,FALSE,FALSE,FALSE
http://linkedin.com/company/kriger-campus,FALSE,FALSE,FALSE,FALSE,TRUE,FALSE,FALSE,FALSE
http://linkedin.com/company/krishifyapp/about/,TRUE,FALSE,FALSE,FALSE,FALSE,FALSE,FALSE,FALSE
https://linkedin.com/company/kriyo/about,TRUE,FALSE,FALSE,FALSE,FALSE,FALSE,FALSE,FALSE
https://www.linkedin.com/company/get-mason/,TRUE,FALSE,FALSE,FALSE,TRUE,FALSE,FALSE,FALSE
https://linkedin.com/company/kukufm,TRUE,FALSE,FALSE,FALSE,FALSE,FALSE,FALSE,FALSE
https://linkedin.com/company/kwantics,FALSE,TRUE,FALSE,FALSE,FALSE,FALSE,FALSE,FALSE
http://linkedin.com/company/kwatt-solutions-private-limited,TRUE,FALSE,FALSE,FALSE,FALSE,FALSE,FALSE,FALSE
https://in.linkedin.com/company/nuvocovistas,FALSE,TRUE,FALSE,FALSE,FALSE,FALSE,FALSE,FALSE
https://linkedin.com/company/larkai/about,TRUE,FALSE,FALSE,FALSE,FALSE,FALSE,FALSE,FALSE
https://linkedin.com/company/launch-space/about,TRUE,FALSE,FALSE,FALSE,FALSE,FALSE,FALSE,FALSE
https://linkedin.com/company/lazypay,FALSE,TRUE,FALSE,FALSE,FALSE,FALSE,FALSE,FALSE
https://linkedin.com/company/leaf-technologies-pvt--ltd-,TRUE,FALSE,FALSE,FALSE,FALSE,FALSE,FALSE,FALSE
https://www.linkedin.com/company/leaguesx/,TRUE,FALSE,FALSE,FALSE,FALSE,FALSE,FALSE,FALSE
https://linkedin.com/company/league11/about,TRUE,FALSE,FALSE,FALSE,FALSE,FALSE,FALSE,FALSE
https://linkedin.com/company/leapclub,FALSE,FALSE,FALSE,FALSE,TRUE,FALSE,FALSE,FALSE
https://linkedin.com/company/learnapp,FALSE,TRUE,FALSE,FALSE,FALSE,FALSE,FALSE,FALSE
https://linkedin.com/company/legalpay,FALSE,FALSE,FALSE,FALSE,FALSE,FALSE,FALSE,FALSE
http://www.linkedin.com/company/legit-quest,FALSE,TRUE,FALSE,FALSE,FALSE,FALSE,FALSE,FALSE
http://linkedin.com/company/lema-limited,FALSE,FALSE,FALSE,FALSE,TRUE,FALSE,FALSE,FALSE
https://linkedin.com/company/lemma-finance/about,FALSE,FALSE,FALSE,FALSE,TRUE,FALSE,FALSE,FALSE
http://www.linkedin.com/company/letsventure,TRUE,FALSE,FALSE,FALSE,FALSE,FALSE,FALSE,FALSE
http://linkedin.com/company/liases-foras,FALSE,TRUE,FALSE,FALSE,FALSE,FALSE,FALSE,FALSE
https://linkedin.com/company/lightspeedai,FALSE,FALSE,FALSE,FALSE,TRUE,FALSE,FALSE,FALSE
https://linkedin.com/company/lilagames,TRUE,FALSE,FALSE,FALSE,FALSE,FALSE,FALSE,FALSE
https://linkedin.com/company/likemindscommunity,FALSE,TRUE,FALSE,FALSE,FALSE,FALSE,FALSE,FALSE
https://linkedin.com/company/lioapp,FALSE,FALSE,FALSE,FALSE,FALSE,FALSE,FALSE,FALSE
http://linkedin.com/company/lithe-technologies-pvt.-ltd.,TRUE,FALSE,FALSE,FALSE,FALSE,FALSE,FALSE,FALSE
https://linkedin.com/company/litifer/about,FALSE,FALSE,FALSE,FALSE,FALSE,FALSE,FALSE,FALSE
https://linkedin.com/company/liv-ai,TRUE,FALSE,FALSE,FALSE,FALSE,FALSE,FALSE,FALSE
http://www.linkedin.com/company/live247-ai,FALSE,FALSE,FALSE,FALSE,TRUE,FALSE,FALSE,FALSE
https://linkedin.com/company/livfin/about,FALSE,FALSE,FALSE,FALSE,FALSE,FALSE,FALSE,FALSE
https://linkedin.com/company/livpure-private-limited/about,FALSE,FALSE,FALSE,FALSE,FALSE,FALSE,FALSE,FALSE
https://linkedin.com/company/llama-community/about,FALSE,FALSE,FALSE,FALSE,TRUE,FALSE,FALSE,FALSE
http://linkedin.com/company/loansimple.in,TRUE,FALSE,FALSE,FALSE,FALSE,FALSE,FALSE,FALSE
https://www.linkedin.com/company/loanzen,FALSE,FALSE,FALSE,FALSE,FALSE,FALSE,FALSE,FALSE
http://www.linkedin.com/company/lobb,FALSE,FALSE,FALSE,FALSE,FALSE,FALSE,FALSE,FALSE
https://www.linkedin.com/company/localwire,FALSE,FALSE,FALSE,FALSE,FALSE,FALSE,FALSE,FALSE
https://www.linkedin.com/company/localoye,TRUE,FALSE,FALSE,FALSE,FALSE,FALSE,FALSE,FALSE
http://www.linkedin.com/company/localeai,TRUE,FALSE,FALSE,FALSE,TRUE,FALSE,FALSE,FALSE
https://linkedin.com/company/locofast,TRUE,FALSE,FALSE,FALSE,FALSE,FALSE,FALSE,FALSE
http://www.linkedin.com/company/locobuzz,FALSE,TRUE,FALSE,FALSE,FALSE,FALSE,FALSE,FALSE
https://linkedin.com/company/log-9-materials,TRUE,FALSE,FALSE,FALSE,FALSE,FALSE,FALSE,FALSE
http://www.linkedin.com/company/logicroots,TRUE,FALSE,FALSE,FALSE,FALSE,FALSE,FALSE,FALSE
https://www.linkedin.com/company/logistimo-inc-,FALSE,TRUE,FALSE,FALSE,FALSE,FALSE,FALSE,FALSE
https://linkedin.com/company/loktra/about,TRUE,FALSE,FALSE,FALSE,FALSE,FALSE,FALSE,FALSE
https://linkedin.com/company/lovelocalindia/about,FALSE,TRUE,FALSE,FALSE,FALSE,FALSE,FALSE,FALSE
https://linkedin.com/company/lysto/about,FALSE,FALSE,FALSE,FALSE,FALSE,FALSE,FALSE,FALSE
http://linkedin.com/company/m4maths,TRUE,FALSE,FALSE,FALSE,FALSE,FALSE,FALSE,FALSE
https://linkedin.com/company/m76analytics/about,FALSE,TRUE,FALSE,FALSE,FALSE,FALSE,FALSE,FALSE
https://linkedin.com/company/mabel-jewellery/about,FALSE,FALSE,FALSE,FALSE,TRUE,FALSE,FALSE,FALSE
https://www.linkedin.com/company/machadalo,FALSE,FALSE,FALSE,FALSE,FALSE,FALSE,FALSE,FALSE
https://linkedin.com/company/machaao/about,FALSE,FALSE,FALSE,FALSE,TRUE,FALSE,FALSE,FALSE
https://linkedin.com/company/machenn,TRUE,FALSE,FALSE,FALSE,FALSE,FALSE,FALSE,FALSE
https://www.linkedin.com/company/madras-mindworks,TRUE,FALSE,FALSE,FALSE,FALSE,FALSE,FALSE,FALSE
https://www.linkedin.com/company/magnasoft,TRUE,FALSE,FALSE,FALSE,TRUE,FALSE,FALSE,FALSE
https://linkedin.com/company/makebot,TRUE,FALSE,FALSE,FALSE,FALSE,FALSE,FALSE,FALSE
http://linkedin.com/company/manchforindia,TRUE,FALSE,FALSE,FALSE,FALSE,FALSE,FALSE,FALSE
https://linkedin.com/company/manastu-space,TRUE,FALSE,FALSE,FALSE,FALSE,FALSE,FALSE,FALSE
https://www.linkedin.com/company/manufacton,FALSE,FALSE,FALSE,FALSE,TRUE,FALSE,FALSE,FALSE
https://linkedin.com/company/market-pulse-technologies-pvt.ltd,FALSE,TRUE,FALSE,FALSE,FALSE,FALSE,FALSE,FALSE
http://www.linkedin.com/company/marketfeedapp,FALSE,TRUE,TRUE,FALSE,FALSE,FALSE,FALSE,FALSE
https://linkedin.com/company/marsinnoindia,FALSE,FALSE,FALSE,FALSE,FALSE,FALSE,FALSE,FALSE
https://linkedin.com/company/marsplay/about,FALSE,FALSE,FALSE,FALSE,FALSE,FALSE,FALSE,FALSE
http://www.linkedin.com/company/matduncorp,FALSE,FALSE,FALSE,FALSE,TRUE,FALSE,FALSE,FALSE
https://linkedin.com/company/matrix-internet,FALSE,FALSE,FALSE,FALSE,TRUE,FALSE,FALSE,FALSE
https://linkedin.com/company/matterindia,FALSE,FALSE,FALSE,FALSE,FALSE,FALSE,FALSE,FALSE
http://linkedin.com/company/mavenhive-technologies-pvt-ltd,TRUE,FALSE,FALSE,FALSE,FALSE,FALSE,FALSE,FALSE
http://www.linkedin.com/company/mavoixsolutions,FALSE,FALSE,FALSE,FALSE,FALSE,FALSE,FALSE,FALSE
http://linkedin.com/company/maxmobility-pvt--ltd-,FALSE,FALSE,FALSE,FALSE,FALSE,FALSE,FALSE,FALSE
https://in.linkedin.com/company/mcsquaredai,TRUE,FALSE,FALSE,FALSE,TRUE,FALSE,FALSE,FALSE
http://linkedin.com/company/mean-metal-motors,TRUE,FALSE,FALSE,FALSE,FALSE,FALSE,FALSE,FALSE
https://www.linkedin.com/company/medcampus/,FALSE,FALSE,FALSE,FALSE,FALSE,FALSE,FALSE,FALSE
https://www.linkedin.com/company/medica-synergie-pvt-ltd,FALSE,FALSE,FALSE,FALSE,TRUE,FALSE,FALSE,FALSE
https://linkedin.com/company/medtrail-tech,TRUE,FALSE,FALSE,FALSE,FALSE,FALSE,FALSE,FALSE
http://linkedin.com/company/meeraq-hq/,TRUE,FALSE,FALSE,FALSE,FALSE,FALSE,FALSE,FALSE
https://linkedin.com/company/menerva-software,FALSE,TRUE,FALSE,FALSE,TRUE,FALSE,FALSE,FALSE
http://linkedin.com/company/meradoctor,TRUE,FALSE,FALSE,FALSE,FALSE,FALSE,FALSE,FALSE
https://www.linkedin.com/company/myguesthouse-com,FALSE,TRUE,FALSE,FALSE,FALSE,FALSE,FALSE,FALSE
http://linkedin.com/company/microchip-payments,FALSE,FALSE,TRUE,FALSE,FALSE,FALSE,FALSE,FALSE
http://linkedin.com/company/milaap-social-ventures,TRUE,FALSE,FALSE,FALSE,FALSE,FALSE,FALSE,FALSE
https://linkedin.com/company/milkvilla,TRUE,FALSE,FALSE,FALSE,FALSE,FALSE,FALSE,FALSE
https://www.linkedin.com/company/minsh,TRUE,FALSE,FALSE,FALSE,TRUE,FALSE,FALSE,FALSE
https://linkedin.com/company/minuszero,FALSE,FALSE,FALSE,FALSE,FALSE,FALSE,FALSE,FALSE
http://linkedin.com/company/monarch-info-tech-services-pvt-ltd,TRUE,FALSE,FALSE,FALSE,FALSE,FALSE,FALSE,FALSE
http://linkedin.com/company/mlit,TRUE,FALSE,FALSE,FALSE,FALSE,FALSE,FALSE,FALSE
https://linkedin.com/company/mocero-health-solutions/about,FALSE,FALSE,FALSE,FALSE,FALSE,FALSE,FALSE,FALSE
https://linkedin.com/company/moeving-urban-freight,TRUE,FALSE,FALSE,FALSE,FALSE,FALSE,FALSE,FALSE
https://linkedin.com/company/mojro-technologies-pvt.-ltd.,FALSE,TRUE,FALSE,FALSE,FALSE,FALSE,FALSE,FALSE
https://in.linkedin.com/company/moman-ai,TRUE,FALSE,TRUE,FALSE,FALSE,FALSE,FALSE,FALSE
https://linkedin.com/company/momagic-technologies-pvt-ltd/about,FALSE,TRUE,FALSE,FALSE,FALSE,FALSE,FALSE,FALSE
https://linkedin.com/company/moodcafe,FALSE,FALSE,FALSE,FALSE,FALSE,FALSE,FALSE,FALSE
http://linkedin.com/company/moolmantra/,FALSE,FALSE,FALSE,FALSE,FALSE,FALSE,FALSE,FALSE
http://www.linkedin.com/company/moovo-in,TRUE,FALSE,FALSE,FALSE,FALSE,FALSE,FALSE,FALSE
https://in.linkedin.com/company/morphle,FALSE,FALSE,FALSE,FALSE,TRUE,FALSE,FALSE,FALSE
http://linkedin.com/company/motadata,FALSE,TRUE,FALSE,FALSE,FALSE,FALSE,FALSE,FALSE
http://www.linkedin.com/company/cloudpact,FALSE,TRUE,FALSE,FALSE,FALSE,FALSE,FALSE,FALSE
https://www.linkedin.com/company/1229260,TRUE,FALSE,FALSE,FALSE,TRUE,FALSE,FALSE,FALSE
https://www.linkedin.com/company/mr.-hot-foods-pvt.-ltd./,TRUE,FALSE,FALSE,FALSE,FALSE,FALSE,FALSE,FALSE
http://linkedin.com/company/medyug-technology-pvt-ltd,FALSE,FALSE,FALSE,FALSE,FALSE,FALSE,FALSE,FALSE
https://www.linkedin.com/company/trakr/,FALSE,TRUE,FALSE,FALSE,FALSE,FALSE,FALSE,FALSE
https://linkedin.com/company/multilivingofficial/about,FALSE,FALSE,FALSE,FALSE,FALSE,FALSE,FALSE,FALSE
https://linkedin.com/company/munshig,FALSE,FALSE,FALSE,FALSE,FALSE,FALSE,FALSE,FALSE
https://linkedin.com/company/agelessbanking,FALSE,FALSE,FALSE,FALSE,FALSE,FALSE,FALSE,FALSE
https://linkedin.com/company/mventus/about,TRUE,FALSE,FALSE,FALSE,FALSE,FALSE,FALSE,FALSE
http://linkedin.com/company/mvg-innovations/,FALSE,FALSE,FALSE,FALSE,FALSE,FALSE,FALSE,FALSE
https://www.linkedin.com/company/myadvo?trk=top_nav_home,TRUE,FALSE,FALSE,FALSE,FALSE,FALSE,FALSE,FALSE
https://linkedin.com/company/myelinfoundry/about,FALSE,FALSE,FALSE,FALSE,FALSE,FALSE,FALSE,FALSE
https://linkedin.com/company/myhqspace/about,FALSE,TRUE,FALSE,FALSE,FALSE,FALSE,FALSE,FALSE
http://linkedin.com/company/mynewcar-india,TRUE,FALSE,FALSE,FALSE,FALSE,FALSE,FALSE,FALSE
https://linkedin.com/company/mymobiforce,TRUE,FALSE,FALSE,FALSE,FALSE,FALSE,FALSE,FALSE
http://linkedin.com/company/myrefers,FALSE,TRUE,FALSE,FALSE,FALSE,FALSE,FALSE,FALSE
https://linkedin.com/company/myraa-technologies/about,FALSE,TRUE,FALSE,FALSE,TRUE,FALSE,FALSE,FALSE
https://linkedin.com/company/myupchar.com,FALSE,FALSE,FALSE,FALSE,FALSE,FALSE,FALSE,FALSE
https://linkedin.com/company/nanoheal,FALSE,TRUE,FALSE,FALSE,TRUE,FALSE,FALSE,FALSE
http://www.linkedin.com/company/nanonets,FALSE,FALSE,FALSE,FALSE,TRUE,FALSE,FALSE,FALSE
http://linkedin.com/company/nanosniff-technologies-pvt-ltd-,FALSE,TRUE,FALSE,FALSE,FALSE,FALSE,FALSE,FALSE
http://linkedin.com/company/native5,TRUE,FALSE,FALSE,FALSE,FALSE,FALSE,FALSE,FALSE
https://www.linkedin.com/company/natural-remedies-private-limited/,FALSE,TRUE,FALSE,FALSE,FALSE,FALSE,FALSE,FALSE
https://linkedin.com/company/nautilus-hearing-solutions,TRUE,FALSE,FALSE,FALSE,FALSE,FALSE,FALSE,FALSE
https://linkedin.com/company/navalt,TRUE,FALSE,FALSE,FALSE,FALSE,FALSE,FALSE,FALSE
https://linkedin.com/company/nayancam,FALSE,FALSE,FALSE,FALSE,FALSE,FALSE,FALSE,FALSE
https://linkedin.com/company/ncore-games,TRUE,FALSE,FALSE,FALSE,FALSE,FALSE,FALSE,FALSE
http://www.linkedin.com/company/ncompass-techstudio,FALSE,TRUE,FALSE,FALSE,FALSE,FALSE,FALSE,FALSE
https://www.linkedin.com/company/needl-ai/,FALSE,TRUE,FALSE,FALSE,FALSE,FALSE,FALSE,FALSE
https://www.linkedin.com/company/neenopal,TRUE,FALSE,FALSE,FALSE,TRUE,FALSE,FALSE,FALSE
http://linkedin.com/company/neewee-analytics,FALSE,FALSE,FALSE,FALSE,FALSE,FALSE,FALSE,FALSE
https://linkedin.com/company/neoperk-technologies-private-limited/about,FALSE,TRUE,FALSE,FALSE,FALSE,FALSE,FALSE,FALSE
https://linkedin.com/company/neostencil-inc-/about,TRUE,FALSE,FALSE,FALSE,FALSE,TRUE,FALSE,FALSE
https://linkedin.com/company/nerdy-academy,TRUE,FALSE,FALSE,FALSE,FALSE,FALSE,FALSE,FALSE
http://linkedin.com/company/netbramha-studios,FALSE,TRUE,TRUE,FALSE,FALSE,FALSE,FALSE,FALSE
http://linkedin.com/company/netmagic,FALSE,TRUE,FALSE,FALSE,FALSE,FALSE,FALSE,FALSE
https://www.linkedin.com/company/neuropixel-ai/,TRUE,FALSE,FALSE,FALSE,FALSE,FALSE,FALSE,FALSE
http://linkedin.com/company/nevis-networks,FALSE,FALSE,FALSE,FALSE,TRUE,FALSE,FALSE,FALSE
https://linkedin.com/company/newstreettech/about,FALSE,TRUE,FALSE,FALSE,FALSE,FALSE,FALSE,FALSE
https://linkedin.com/company/newslaundry/about,TRUE,FALSE,FALSE,FALSE,FALSE,FALSE,FALSE,FALSE
https://linkedin.com/company/newspacert,FALSE,TRUE,FALSE,FALSE,FALSE,FALSE,FALSE,FALSE
https://www.linkedin.com/company/nextstephq/,FALSE,FALSE,FALSE,FALSE,TRUE,FALSE,FALSE,FALSE
http://linkedin.com/company/nichepro-technologies,FALSE,FALSE,FALSE,FALSE,TRUE,FALSE,FALSE,FALSE
https://linkedin.com/company/niflr,FALSE,FALSE,FALSE,FALSE,TRUE,FALSE,FALSE,FALSE
https://linkedin.com/company/nimbbl/posts,FALSE,FALSE,TRUE,FALSE,FALSE,FALSE,FALSE,FALSE
http://www.linkedin.com/company/nimoy-ai,FALSE,TRUE,FALSE,FALSE,FALSE,FALSE,FALSE,FALSE
http://linkedin.com/company/ninestars-information-technologies,FALSE,TRUE,FALSE,FALSE,FALSE,FALSE,FALSE,FALSE
https://linkedin.com/company/niramai-health-analytix/about,TRUE,FALSE,FALSE,FALSE,FALSE,FALSE,FALSE,FALSE
https://in.linkedin.com/company/nirafinance,TRUE,FALSE,FALSE,FALSE,FALSE,FALSE,FALSE,FALSE
https://linkedin.com/company/nirogstreetindia/about,TRUE,FALSE,FALSE,FALSE,FALSE,FALSE,FALSE,FALSE
https://in.linkedin.com/company/nit-jalandhar,FALSE,FALSE,FALSE,FALSE,TRUE,FALSE,FALSE,FALSE
http://linkedin.com/company/niveus-solutions-pvt-ltd-/,TRUE,FALSE,FALSE,FALSE,FALSE,FALSE,FALSE,FALSE
https://linkedin.com/company/nowandme,TRUE,FALSE,FALSE,FALSE,TRUE,FALSE,FALSE,FALSE
http://linkedin.com/company/nstore-india,TRUE,FALSE,FALSE,FALSE,TRUE,FALSE,FALSE,FALSE
https://www.linkedin.com/company/nukkad-shops/,FALSE,FALSE,FALSE,FALSE,FALSE,FALSE,FALSE,FALSE
https://linkedin.com/company/nuvepro-technologies-private-ltd/about,TRUE,FALSE,FALSE,FALSE,FALSE,TRUE,FALSE,FALSE
https://www.linkedin.com/company/nxtgen-datacenter-&-cloud-services-limited,TRUE,FALSE,FALSE,FALSE,FALSE,FALSE,FALSE,FALSE
http://www.linkedin.com/company/obviously-ai,TRUE,FALSE,FALSE,FALSE,TRUE,FALSE,FALSE,FALSE
https://linkedin.com/company/oceanfrogs,FALSE,FALSE,FALSE,FALSE,TRUE,FALSE,FALSE,FALSE
https://linkedin.com/company/odaclass,FALSE,TRUE,FALSE,FALSE,FALSE,FALSE,FALSE,FALSE
http://linkedin.com/company/offergrid-networks-private-limited,TRUE,FALSE,FALSE,FALSE,FALSE,FALSE,FALSE,FALSE
https://www.linkedin.com/company/officekit,FALSE,FALSE,FALSE,FALSE,TRUE,FALSE,FALSE,FALSE
http://www.linkedin.com/company/ogive-tech,FALSE,FALSE,FALSE,FALSE,FALSE,FALSE,FALSE,FALSE
https://www.linkedin.com/company/ohlook,TRUE,FALSE,FALSE,FALSE,FALSE,FALSE,FALSE,FALSE
https://linkedin.com/company/okaygo/about,FALSE,TRUE,FALSE,FALSE,FALSE,FALSE,FALSE,FALSE
https://linkedin.com/company/olagateapp,FALSE,TRUE,FALSE,FALSE,FALSE,FALSE,FALSE,FALSE
https://linkedin.com/company/oliveboard/about,TRUE,FALSE,FALSE,FALSE,FALSE,FALSE,FALSE,FALSE
http://www.linkedin.com/company/oliv-ai,TRUE,FALSE,FALSE,FALSE,TRUE,FALSE,FALSE,FALSE
https://linkedin.com/company/omiguide/about,TRUE,FALSE,FALSE,FALSE,FALSE,FALSE,FALSE,FALSE
http://linkedin.com/company/omitra,TRUE,FALSE,FALSE,FALSE,FALSE,FALSE,FALSE,FALSE
https://linkedin.com/company/oncostem-diagnostics-pvt-ltd,TRUE,FALSE,FALSE,FALSE,FALSE,FALSE,FALSE,FALSE
http://linkedin.com/company/oneimpression,FALSE,FALSE,FALSE,FALSE,FALSE,FALSE,FALSE,FALSE
https://linkedin.com/company/openappliances/about,FALSE,TRUE,FALSE,FALSE,FALSE,FALSE,FALSE,FALSE
http://www.linkedin.com/company/open-craft,TRUE,FALSE,FALSE,FALSE,TRUE,FALSE,FALSE,FALSE
http://linkedin.com/company/openebs,FALSE,TRUE,FALSE,FALSE,TRUE,FALSE,FALSE,FALSE
https://www.linkedin.com/company/shoes-on-loose/,TRUE,FALSE,FALSE,FALSE,FALSE,FALSE,FALSE,FALSE
https://linkedin.com/company/origa-ai,FALSE,FALSE,FALSE,FALSE,FALSE,FALSE,FALSE,FALSE
https://www.linkedin.com/company/oro-wealth,FALSE,TRUE,TRUE,FALSE,FALSE,FALSE,FALSE,FALSE
https://linkedin.com/company/oslash,FALSE,FALSE,FALSE,FALSE,TRUE,FALSE,FALSE,FALSE
http://www.linkedin.com/company/own-a-youth-led-career-growth-project-by-pranay-bhalla,FALSE,FALSE,FALSE,FALSE,FALSE,FALSE,FALSE,FALSE
https://linkedin.com/company/oxigen-services-india-pvt-ltd,TRUE,FALSE,FALSE,FALSE,FALSE,FALSE,FALSE,FALSE
https://linkedin.com/company/pagarbook/about,FALSE,FALSE,FALSE,FALSE,FALSE,FALSE,FALSE,FALSE
https://linkedin.com/company/jarapp/about,FALSE,TRUE,FALSE,FALSE,FALSE,FALSE,FALSE,FALSE
https://linkedin.com/company/cure-link,FALSE,TRUE,FALSE,FALSE,FALSE,FALSE,FALSE,FALSE
https://www.linkedin.com/company/parabluinc,FALSE,FALSE,FALSE,FALSE,TRUE,FALSE,FALSE,FALSE
https://linkedin.com/company/pariksha,TRUE,FALSE,FALSE,FALSE,FALSE,TRUE,FALSE,FALSE
https://linkedin.com/company/parle-products-pvt.-ltd,FALSE,TRUE,FALSE,FALSE,FALSE,FALSE,FALSE,FALSE
https://linkedin.com/company/jai-kisan/about,FALSE,FALSE,FALSE,FALSE,FALSE,FALSE,FALSE,FALSE
https://in.linkedin.com/company/paytunes,FALSE,TRUE,FALSE,FALSE,FALSE,FALSE,FALSE,FALSE
http://linkedin.com/company/go-pazo,TRUE,FALSE,FALSE,FALSE,FALSE,FALSE,FALSE,FALSE
http://www.linkedin.com/company/pcloudy-com,FALSE,TRUE,FALSE,FALSE,TRUE,FALSE,FALSE,FALSE
https://linkedin.com/company/paz-care,FALSE,TRUE,FALSE,FALSE,FALSE,FALSE,FALSE,FALSE
https://linkedin.com/company/getpeppermint/about,FALSE,FALSE,FALSE,FALSE,FALSE,FALSE,FALSE,FALSE
http://www.linkedin.com/company/perfskills,TRUE,FALSE,FALSE,FALSE,FALSE,FALSE,FALSE,FALSE
http://linkedin.com/company/perpetuuiti,FALSE,TRUE,FALSE,FALSE,TRUE,FALSE,FALSE,FALSE
https://linkedin.com/company/personifwy/about,FALSE,FALSE,FALSE,FALSE,FALSE,FALSE,FALSE,FALSE
https://www.linkedin.com/company/pervazive,FALSE,TRUE,FALSE,FALSE,TRUE,FALSE,FALSE,FALSE
http://linkedin.com/company/power-finance-corporation-ltd-,TRUE,FALSE,FALSE,FALSE,FALSE,FALSE,FALSE,FALSE
https://linkedin.com/company/phablecare/about,TRUE,FALSE,FALSE,FALSE,FALSE,FALSE,FALSE,FALSE
http://linkedin.com/company/photographai,TRUE,FALSE,FALSE,FALSE,FALSE,FALSE,FALSE,FALSE
https://www.linkedin.com/company/physioai/,TRUE,FALSE,FALSE,FALSE,FALSE,FALSE,FALSE,FALSE
https://linkedin.com/company/phyt-health/about,FALSE,FALSE,FALSE,FALSE,FALSE,FALSE,FALSE,FALSE
https://www.linkedin.com/company/etrance-networks,FALSE,TRUE,FALSE,FALSE,FALSE,FALSE,FALSE,FALSE
http://linkedin.com/company/pickyourtrail,FALSE,FALSE,FALSE,FALSE,FALSE,FALSE,FALSE,FALSE
http://linkedin.com/company/pickurflick.com,FALSE,FALSE,FALSE,FALSE,FALSE,FALSE,FALSE,FALSE
https://linkedin.com/company/pickrightin/about,FALSE,FALSE,FALSE,FALSE,FALSE,FALSE,FALSE,FALSE
https://linkedin.com/company/pidge-mobility/about,TRUE,FALSE,FALSE,FALSE,FALSE,FALSE,FALSE,FALSE
https://linkedin.com/company/savewithpiggy,FALSE,FALSE,FALSE,FALSE,FALSE,FALSE,FALSE,FALSE
https://linkedin.com/company/frontrow-in,FALSE,FALSE,FALSE,FALSE,FALSE,FALSE,FALSE,FALSE
https://linkedin.com/company/pingala-software-india-pvt-ltd/about,TRUE,FALSE,FALSE,FALSE,FALSE,FALSE,FALSE,FALSE
https://www.linkedin.com/company/piqube,FALSE,TRUE,FALSE,FALSE,TRUE,FALSE,FALSE,FALSE
http://linkedin.com/company/piron-corporation,TRUE,FALSE,FALSE,FALSE,TRUE,FALSE,FALSE,FALSE
http://linkedin.com/company/piruby,FALSE,TRUE,FALSE,FALSE,FALSE,FALSE,FALSE,FALSE
https://linkedin.com/company/cocos-labs/about,TRUE,FALSE,FALSE,FALSE,FALSE,FALSE,FALSE,FALSE
http://linkedin.com/company/pizza-hut,TRUE,FALSE,FALSE,FALSE,TRUE,FALSE,FALSE,FALSE
http://linkedin.com/company/planytics,FALSE,FALSE,FALSE,FALSE,FALSE,FALSE,FALSE,FALSE
http://linkedin.com/company/playcez-technologies,TRUE,FALSE,FALSE,FALSE,FALSE,FALSE,FALSE,FALSE
http://linkedin.com/company/playfiks-software-pvt-ltd-,FALSE,FALSE,FALSE,FALSE,FALSE,FALSE,FALSE,FALSE
https://linkedin.com/company/playspotsapp,TRUE,FALSE,FALSE,FALSE,FALSE,FALSE,FALSE,FALSE
https://linkedin.com/company/playshifu,FALSE,TRUE,FALSE,FALSE,FALSE,FALSE,FALSE,FALSE
http://linkedin.com/company/pluss-polymers,FALSE,FALSE,FALSE,FALSE,FALSE,FALSE,FALSE,FALSE
https://linkedin.com/company/pocket52,FALSE,FALSE,FALSE,FALSE,FALSE,FALSE,FALSE,FALSE
https://linkedin.com/company/podeum-live,FALSE,FALSE,FALSE,FALSE,FALSE,FALSE,FALSE,FALSE
https://linkedin.com/company/pokktads/about,TRUE,FALSE,FALSE,FALSE,TRUE,FALSE,FALSE,FALSE
http://www.linkedin.com/company/possible-com,FALSE,TRUE,FALSE,FALSE,TRUE,FALSE,FALSE,FALSE
http://linkedin.com/company/getpowerplay/,TRUE,FALSE,FALSE,FALSE,FALSE,FALSE,FALSE,FALSE
http://linkedin.com/company/praxis-business-school,TRUE,FALSE,FALSE,FALSE,FALSE,FALSE,FALSE,FALSE
https://linkedin.com/company/predis-ai,FALSE,FALSE,FALSE,FALSE,FALSE,FALSE,FALSE,FALSE
https://www.linkedin.com/company/pregbuddy,TRUE,FALSE,FALSE,FALSE,FALSE,FALSE,FALSE,FALSE
https://www.linkedin.com/company/pricebaba,FALSE,FALSE,FALSE,FALSE,FALSE,FALSE,FALSE,FALSE
https://www.linkedin.com/company/prezent-ai/,FALSE,FALSE,FALSE,FALSE,TRUE,FALSE,FALSE,FALSE
https://linkedin.com/company/prishapolicy,TRUE,FALSE,FALSE,FALSE,FALSE,FALSE,FALSE,FALSE
http://www.linkedin.com/company/privado-ai,FALSE,FALSE,FALSE,FALSE,TRUE,FALSE,FALSE,FALSE
https://linkedin.com/company/probomedia/about,FALSE,TRUE,FALSE,FALSE,FALSE,FALSE,FALSE,FALSE
https://in.linkedin.com/company/probeinformationservices,TRUE,FALSE,FALSE,FALSE,FALSE,FALSE,FALSE,FALSE
https://www.linkedin.com/company/proeves,TRUE,FALSE,FALSE,FALSE,FALSE,FALSE,FALSE,FALSE
http://www.linkedin.com/company/promethean-power-systems,TRUE,FALSE,FALSE,FALSE,TRUE,FALSE,FALSE,FALSE
http://linkedin.com/company/prophesee,FALSE,TRUE,FALSE,FALSE,FALSE,FALSE,FALSE,FALSE
http://linkedin.com/company/propstory,TRUE,FALSE,FALSE,FALSE,FALSE,FALSE,FALSE,FALSE
https://www.linkedin.com/company/propsamc,TRUE,FALSE,FALSE,FALSE,FALSE,FALSE,FALSE,FALSE
http://linkedin.com/company/propvr/,TRUE,FALSE,FALSE,FALSE,FALSE,FALSE,FALSE,FALSE
http://linkedin.com/company/prospus-consulting-private-limited,FALSE,FALSE,FALSE,FALSE,FALSE,FALSE,FALSE,FALSE
https://www.linkedin.com/company/protectt-ai-labs-pvt-ltd/,FALSE,TRUE,FALSE,FALSE,FALSE,FALSE,FALSE,FALSE
https://linkedin.com/company/protrainy,TRUE,FALSE,FALSE,FALSE,FALSE,FALSE,FALSE,FALSE
https://linkedin.com/company/prozo,FALSE,FALSE,FALSE,FALSE,FALSE,FALSE,FALSE,FALSE
https://linkedin.com/company/pulse-healthcare-services,TRUE,FALSE,FALSE,FALSE,TRUE,FALSE,FALSE,FALSE
https://linkedin.com/company/punar-healthcare/about,FALSE,FALSE,FALSE,FALSE,FALSE,FALSE,FALSE,FALSE
https://www.linkedin.com/company/purple-style-labs,FALSE,FALSE,FALSE,FALSE,FALSE,FALSE,FALSE,FALSE
http://linkedin.com/company/purpledot-designs-pvt-ltd,FALSE,FALSE,FALSE,FALSE,FALSE,FALSE,FALSE,FALSE
http://linkedin.com/company/pushchamp,FALSE,TRUE,FALSE,FALSE,TRUE,FALSE,FALSE,FALSE
http://www.linkedin.com/company/qatalog,TRUE,FALSE,FALSE,FALSE,TRUE,FALSE,FALSE,FALSE
https://linkedin.com/company/antcreditex/about,FALSE,TRUE,FALSE,FALSE,FALSE,FALSE,FALSE,FALSE
https://linkedin.com/company/quifers,TRUE,FALSE,FALSE,FALSE,FALSE,FALSE,FALSE,FALSE
http://www.linkedin.com/company/qnance,TRUE,FALSE,FALSE,FALSE,FALSE,FALSE,FALSE,FALSE
https://linkedin.com/company/qls-academy,TRUE,FALSE,FALSE,FALSE,FALSE,FALSE,FALSE,FALSE
http://linkedin.com/company/qriyo,FALSE,FALSE,FALSE,FALSE,FALSE,FALSE,FALSE,FALSE
http://linkedin.com/company/quadnode-technologies-pvt-ltd-,TRUE,FALSE,FALSE,FALSE,FALSE,FALSE,FALSE,FALSE
http://linkedin.com/company/quantum-phinance-pvt.-ltd.,FALSE,TRUE,FALSE,FALSE,FALSE,FALSE,FALSE,FALSE
http://www.linkedin.com/company/questgen,FALSE,FALSE,FALSE,FALSE,FALSE,FALSE,FALSE,FALSE
https://linkedin.com/company/questtapp/about,FALSE,FALSE,FALSE,FALSE,FALSE,FALSE,FALSE,FALSE
https://linkedin.com/company/quicfind,FALSE,FALSE,FALSE,FALSE,FALSE,FALSE,FALSE,FALSE
https://www.linkedin.com/company/quickinsure,FALSE,FALSE,FALSE,FALSE,FALSE,FALSE,FALSE,FALSE
https://in.linkedin.com/company/quickmove,TRUE,FALSE,FALSE,FALSE,FALSE,FALSE,FALSE,FALSE
https://www.linkedin.com/company/quifers/,TRUE,FALSE,FALSE,FALSE,FALSE,FALSE,FALSE,FALSE
https://linkedin.com/company/quinn-care,TRUE,FALSE,FALSE,FALSE,TRUE,FALSE,FALSE,FALSE
https://linkedin.com/company/supershare/about,FALSE,TRUE,FALSE,FALSE,FALSE,FALSE,FALSE,FALSE
https://linkedin.com/company/quixoteindia,FALSE,TRUE,FALSE,FALSE,FALSE,FALSE,FALSE,FALSE
https://linkedin.com/company/quizygames,TRUE,FALSE,FALSE,FALSE,FALSE,FALSE,FALSE,FALSE
https://linkedin.com/company/qwerty-thoughts/about,FALSE,FALSE,FALSE,FALSE,FALSE,FALSE,FALSE,FALSE
https://www.linkedin.com/company/futemind-technologies-private-limited,TRUE,FALSE,FALSE,FALSE,FALSE,FALSE,FALSE,FALSE
https://linkedin.com/company/railofy/about,TRUE,FALSE,FALSE,FALSE,FALSE,FALSE,FALSE,FALSE
http://www.linkedin.com/company/rakshak-foundation,TRUE,FALSE,FALSE,FALSE,FALSE,FALSE,FALSE,FALSE
https://in.linkedin.com/company/symbldotai,FALSE,FALSE,FALSE,FALSE,TRUE,FALSE,FALSE,FALSE
https://linkedin.com/company/rankmeonlineco/about,TRUE,FALSE,FALSE,FALSE,FALSE,FALSE,FALSE,FALSE
http://www.linkedin.com/company/raranow,FALSE,FALSE,FALSE,FALSE,TRUE,FALSE,FALSE,FALSE
https://linkedin.com/company/rapyder/about,FALSE,FALSE,FALSE,FALSE,FALSE,FALSE,FALSE,FALSE
http://linkedin.com/company/ray-business-technologies,FALSE,FALSE,FALSE,FALSE,FALSE,FALSE,FALSE,FALSE
http://linkedin.com/company/ready-assist,TRUE,FALSE,FALSE,FALSE,FALSE,FALSE,FALSE,FALSE
https://linkedin.com/company/realbox,FALSE,FALSE,FALSE,FALSE,FALSE,FALSE,FALSE,FALSE
https://linkedin.com/company/redseer,FALSE,TRUE,FALSE,FALSE,FALSE,FALSE,FALSE,FALSE
https://linkedin.com/company/redwood-algorithms,FALSE,TRUE,FALSE,FALSE,FALSE,FALSE,FALSE,FALSE
http://linkedin.com/company/refiral,TRUE,FALSE,FALSE,FALSE,FALSE,FALSE,FALSE,FALSE
http://linkedin.com/company/referhire,FALSE,FALSE,FALSE,FALSE,FALSE,FALSE,FALSE,FALSE
https://linkedin.com/company/refrens,FALSE,TRUE,FALSE,FALSE,FALSE,FALSE,FALSE,FALSE
https://linkedin.com/company/refyne-india/about,FALSE,FALSE,FALSE,FALSE,FALSE,FALSE,FALSE,FALSE
http://www.linkedin.com/company/regie-ai,FALSE,FALSE,FALSE,FALSE,TRUE,FALSE,FALSE,FALSE
http://www.linkedin.com/company/relfor-labs-pvt.-ltd.,FALSE,FALSE,FALSE,FALSE,FALSE,FALSE,FALSE,FALSE
http://www.linkedin.com/company/relicxai,FALSE,FALSE,FALSE,FALSE,TRUE,FALSE,FALSE,FALSE
https://in.linkedin.com/company/remedo,TRUE,FALSE,FALSE,FALSE,FALSE,FALSE,FALSE,FALSE
https://www.linkedin.com/company/visual-data-insights,TRUE,FALSE,FALSE,FALSE,FALSE,FALSE,FALSE,FALSE
http://linkedin.com/company/repos-energy-india-pvt-ltd,TRUE,FALSE,FALSE,FALSE,FALSE,FALSE,FALSE,FALSE
https://linkedin.com/company/retail-pulse-ai,FALSE,FALSE,FALSE,FALSE,FALSE,FALSE,FALSE,FALSE
https://linkedin.com/company/retailioapp,FALSE,TRUE,FALSE,FALSE,FALSE,FALSE,FALSE,FALSE
https://linkedin.com/company/revv-self-drive-car,FALSE,FALSE,FALSE,FALSE,FALSE,FALSE,FALSE,FALSE
http://linkedin.com/company/rgyanindia,FALSE,TRUE,FALSE,FALSE,FALSE,FALSE,FALSE,FALSE
https://linkedin.com/company/ria-insurance/about,FALSE,FALSE,FALSE,FALSE,FALSE,FALSE,FALSE,FALSE
http://linkedin.com/company/ridobiko,FALSE,FALSE,FALSE,FALSE,FALSE,FALSE,FALSE,FALSE
http://linkedin.com/company/rimus-technologies,FALSE,TRUE,FALSE,FALSE,FALSE,FALSE,FALSE,FALSE
https://linkedin.com/company/riyalto,FALSE,FALSE,FALSE,FALSE,TRUE,FALSE,FALSE,FALSE
http://linkedin.com/company/roado,TRUE,FALSE,FALSE,FALSE,FALSE,FALSE,FALSE,FALSE
http://linkedin.com/company/roadhouse-hostels,TRUE,FALSE,FALSE,FALSE,FALSE,FALSE,FALSE,FALSE
https://linkedin.com/company/robotech-pvt-ltd,TRUE,FALSE,FALSE,FALSE,FALSE,FALSE,FALSE,FALSE
http://linkedin.com/company/robustest,FALSE,FALSE,FALSE,FALSE,FALSE,FALSE,FALSE,FALSE
https://linkedin.com/company/rocketlane,FALSE,FALSE,FALSE,FALSE,TRUE,FALSE,FALSE,FALSE
https://www.linkedin.com/company/algoshelf/,TRUE,FALSE,FALSE,FALSE,FALSE,FALSE,FALSE,FALSE